State,County,Income
Alabama,Autauga,"41,618"
Alabama,Baldwin,"45,596"
Alabama,Barbour,"35,199"
Alabama,Bibb,"30,254"
Alabama,Blount,"34,976"
Alabama,Bullock,"28,797"
Alabama,Butler,"36,450"
Alabama,Calhoun,"37,120"
Alabama,Chambers,"33,859"
Alabama,Cherokee,"35,505"
Alabama,Chilton,"34,798"
Alabama,Choctaw,"39,280"
Alabama,Clarke,"36,361"
Alabama,Clay,"33,530"
Alabama,Cleburne,"36,159"
Alabama,Coffee,"43,094"
Alabama,Colbert,"38,378"
Alabama,Conecuh,"32,656"
Alabama,Coosa,"31,328"
Alabama,Covington,"35,651"
Alabama,Crenshaw,"36,645"
Alabama,Cullman,"39,607"
Alabama,Dale,"36,613"
Alabama,Dallas,"36,026"
Alabama,DeKalb,"31,916"
Alabama,Elmore,"42,269"
Alabama,Escambia,"32,996"
Alabama,Etowah,"36,918"
Alabama,Fayette,"34,966"
Alabama,Franklin,"34,318"
Alabama,Geneva,"35,192"
Alabama,Greene,"32,359"
Alabama,Hale,"36,585"
Alabama,Henry,"40,360"
Alabama,Houston,"42,398"
Alabama,Jackson,"36,567"
Alabama,Jefferson,"54,730"
Alabama,Lamar,"33,496"
Alabama,Lauderdale,"37,151"
Alabama,Lawrence,"34,125"
Alabama,Lee,"38,036"
Alabama,Limestone,"42,546"
Alabama,Lowndes,"38,991"
Alabama,Macon,"32,919"
Alabama,Madison,"51,445"
Alabama,Marengo,"39,801"
Alabama,Marion,"33,264"
Alabama,Marshall,"36,044"
Alabama,Mobile,"38,243"
Alabama,Monroe,"33,456"
Alabama,Montgomery,"43,688"
Alabama,Morgan,"39,991"
Alabama,Perry,"30,535"
Alabama,Pickens,"32,551"
Alabama,Pike,"37,359"
Alabama,Randolph,"32,411"
Alabama,Russell,"33,104"
Alabama,St. Clair,"38,569"
Alabama,Shelby,"54,369"
Alabama,Sumter,"31,664"
Alabama,Talladega,"34,718"
Alabama,Tallapoosa,"40,696"
Alabama,Tuscaloosa,"38,822"
Alabama,Walker,"40,197"
Alabama,Washington,"36,323"
Alabama,Wilcox,"32,215"
Alabama,Winston,"35,430"
Alaska,Aleutians East Borough,"56,676"
Alaska,Aleutians West Census Area,"54,385"
Alaska,Anchorage Municipality,"66,510"
Alaska,Bethel Census Area,"43,500"
Alaska,Bristol Bay Borough,"143,575"
Alaska,Denali Borough,"82,919"
Alaska,Dillingham Census Area,"59,621"
Alaska,Fairbanks North Star Borough,"56,606"
Alaska,Haines Borough,"67,059"
Alaska,Hoonah-Angoon Census Area,"61,752"
Alaska,Juneau City and Borough,"68,145"
Alaska,Kenai Peninsula Borough,"52,015"
Alaska,Ketchikan Gateway Borough,"67,602"
Alaska,Kodiak Island Borough,"63,938"
Alaska,Kusilvak Census Area,"30,099"
Alaska,Lake and Peninsula Borough,"65,414"
Alaska,Matanuska-Susitna Borough,"45,897"
Alaska,Nome Census Area,"51,378"
Alaska,North Slope Borough,"83,489"
Alaska,Northwest Arctic Borough,"47,854"
Alaska,Petersburg Borough,"69,995"
Alaska,Prince of Wales-Hyder Census Area,"43,707"
Alaska,Sitka City and Borough,"71,972"
Alaska,Skagway Municipality,"81,471"
Alaska,Southeast Fairbanks Census Area,"49,398"
Alaska,Valdez-Cordova Census Area,"62,307"
Alaska,Wrangell City and Borough,"47,658"
Alaska,Yakutat City and Borough,"58,937"
Alaska,Yukon-Koyukuk Census Area,"59,010"
Arizona,Apache,"34,355"
Arizona,Cochise,"40,308"
Arizona,Coconino,"48,129"
Arizona,Gila,"40,267"
Arizona,Graham,"31,597"
Arizona,Greenlee,"39,855"
Arizona,La Paz,"30,948"
Arizona,Maricopa,"47,694"
Arizona,Mohave,"33,148"
Arizona,Navajo,"32,165"
Arizona,Pima,"44,028"
Arizona,Pinal,"30,644"
Arizona,Santa Cruz,"39,057"
Arizona,Yavapai,"40,312"
Arizona,Yuma,"35,682"
Arkansas,Arkansas,"45,290"
Arkansas,Ashley,"34,813"
Arkansas,Baxter,"37,106"
Arkansas,Benton,"88,890"
Arkansas,Boone,"36,089"
Arkansas,Bradley,"39,491"
Arkansas,Calhoun,"34,426"
Arkansas,Carroll,"33,690"
Arkansas,Chicot,"36,293"
Arkansas,Clark,"36,314"
Arkansas,Clay,"34,149"
Arkansas,Cleburne,"38,307"
Arkansas,Cleveland,"40,344"
Arkansas,Columbia,"38,749"
Arkansas,Conway,"38,191"
Arkansas,Craighead,"37,531"
Arkansas,Crawford,"32,952"
Arkansas,Crittenden,"36,978"
Arkansas,Cross,"35,949"
Arkansas,Dallas,"34,645"
Arkansas,Desha,"37,828"
Arkansas,Drew,"37,148"
Arkansas,Faulkner,"37,598"
Arkansas,Franklin,"34,275"
Arkansas,Fulton,"28,994"
Arkansas,Garland,"40,004"
Arkansas,Grant,"38,201"
Arkansas,Greene,"34,895"
Arkansas,Hempstead,"32,515"
Arkansas,Hot Spring,"30,580"
Arkansas,Howard,"35,292"
Arkansas,Independence,"35,086"
Arkansas,Izard,"30,608"
Arkansas,Jackson,"35,880"
Arkansas,Jefferson,"35,356"
Arkansas,Johnson,"28,970"
Arkansas,Lafayette,"36,292"
Arkansas,Lawrence,"35,126"
Arkansas,Lee,"27,619"
Arkansas,Lincoln,"27,002"
Arkansas,Little River,"34,086"
Arkansas,Logan,"34,490"
Arkansas,Lonoke,"38,764"
Arkansas,Madison,"35,496"
Arkansas,Marion,"30,743"
Arkansas,Miller,"33,401"
Arkansas,Mississippi,"31,428"
Arkansas,Monroe,"32,651"
Arkansas,Montgomery,"30,834"
Arkansas,Nevada,"34,180"
Arkansas,Newton,"28,808"
Arkansas,Ouachita,"36,907"
Arkansas,Perry,"34,877"
Arkansas,Phillips,"31,128"
Arkansas,Pike,"33,113"
Arkansas,Poinsett,"32,315"
Arkansas,Polk,"30,751"
Arkansas,Pope,"35,261"
Arkansas,Prairie,"35,935"
Arkansas,Pulaski,"51,185"
Arkansas,Randolph,"33,486"
Arkansas,St. Francis,"27,948"
Arkansas,Saline,"41,397"
Arkansas,Scott,"31,401"
Arkansas,Searcy,"28,511"
Arkansas,Sebastian,"42,110"
Arkansas,Sevier,"31,436"
Arkansas,Sharp,"32,012"
Arkansas,Stone,"31,086"
Arkansas,Union,"46,474"
Arkansas,Van Buren,"31,176"
Arkansas,Washington,"40,247"
Arkansas,White,"35,445"
Arkansas,Woodruff,"37,545"
Arkansas,Yell,"33,320"
California,Alameda,"76,644"
California,Alpine,"73,307"
California,Amador,"44,793"
California,Butte,"44,346"
California,Calaveras,"49,893"
California,Colusa,"49,094"
California,Contra Costa,"82,506"
California,Del Norte,"37,268"
California,El Dorado,"67,464"
California,Fresno,"43,084"
California,Glenn,"48,613"
California,Humboldt,"48,739"
California,Imperial,"36,974"
California,Inyo,"61,358"
California,Kern,"39,703"
California,Kings,"35,306"
California,Lake,"43,185"
California,Lassen,"37,844"
California,Los Angeles,"62,224"
California,Madera,"39,897"
California,Marin,"134,275"
California,Mariposa,"53,143"
California,Mendocino,"50,150"
California,Merced,"38,519"
California,Modoc,"44,822"
California,Mono,"51,325"
California,Monterey,"56,193"
California,Napa,"74,984"
California,Nevada,"61,799"
California,Orange,"69,268"
California,Placer,"66,700"
California,Plumas,"53,599"
California,Riverside,"40,637"
California,Sacramento,"52,544"
California,San Benito,"53,822"
California,San Bernardino,"40,316"
California,San Diego,"61,386"
California,San Francisco,"130,696"
California,San Joaquin,"44,995"
California,San Luis Obispo,"58,491"
California,San Mateo,"126,392"
California,Santa Barbara,"62,690"
California,Santa Clara,"107,877"
California,Santa Cruz,"69,355"
California,Shasta,"46,582"
California,Sierra,"46,615"
California,Siskiyou,"45,065"
California,Solano,"51,664"
California,Sonoma,"64,501"
California,Stanislaus,"44,120"
California,Sutter,"44,535"
California,Tehama,"42,483"
California,Trinity,"40,640"
California,Tulare,"40,420"
California,Tuolumne,"47,838"
California,Ventura,"61,712"
California,Yolo,"54,118"
California,Yuba,"40,929"
Colorado,Adams,"43,315"
Colorado,Alamosa,"37,351"
Colorado,Arapahoe,"60,180"
Colorado,Archuleta,"41,947"
Colorado,Baca,"40,968"
Colorado,Bent,"27,574"
Colorado,Boulder,"73,394"
Colorado,Broomfield,"66,410"
Colorado,Chaffee,"46,998"
Colorado,Cheyenne,"56,699"
Colorado,Clear Creek,"61,300"
Colorado,Conejos,"36,894"
Colorado,Costilla,"34,282"
Colorado,Crowley,"19,141"
Colorado,Custer,"41,681"
Colorado,Delta,"38,855"
Colorado,Denver,"79,849"
Colorado,Dolores,"34,935"
Colorado,Douglas,"73,662"
Colorado,Eagle,"78,152"
Colorado,Elbert,"57,334"
Colorado,El Paso,"48,467"
Colorado,Fremont,"35,435"
Colorado,Garfield,"59,653"
Colorado,Gilpin,"48,128"
Colorado,Grand,"49,845"
Colorado,Gunnison,"47,149"
Colorado,Hinsdale,"50,698"
Colorado,Huerfano,"42,459"
Colorado,Jackson,"49,723"
Colorado,Jefferson,"63,536"
Colorado,Kiowa,"50,117"
Colorado,Kit Carson,"37,274"
Colorado,Lake,"37,106"
Colorado,La Plata,"55,807"
Colorado,Larimer,"54,188"
Colorado,Las Animas,"40,765"
Colorado,Lincoln,"28,828"
Colorado,Logan,"48,161"
Colorado,Mesa,"44,935"
Colorado,Mineral,"71,095"
Colorado,Moffat,"42,130"
Colorado,Montezuma,"42,998"
Colorado,Montrose,"39,930"
Colorado,Morgan,"45,685"
Colorado,Otero,"38,190"
Colorado,Ouray,"59,639"
Colorado,Park,"45,113"
Colorado,Phillips,"44,399"
Colorado,Pitkin,"149,207"
Colorado,Prowers,"42,259"
Colorado,Pueblo,"39,511"
Colorado,Rio Blanco,"46,809"
Colorado,Rio Grande,"46,717"
Colorado,Routt,"83,702"
Colorado,Saguache,"30,172"
Colorado,San Juan,"44,029"
Colorado,San Miguel,"85,432"
Colorado,Sedgwick,"49,004"
Colorado,Summit,"67,763"
Colorado,Teller,"49,197"
Colorado,Washington,"44,687"
Colorado,Weld,"46,172"
Colorado,Yuma,"50,364"
Connecticut,Fairfield,"120,630"
Connecticut,Hartford,"64,853"
Connecticut,Litchfield,"64,949"
Connecticut,Middlesex,"68,673"
Connecticut,New Haven,"56,650"
Connecticut,New London,"59,264"
Connecticut,Tolland,"56,614"
Connecticut,Windham,"47,264"
Delaware,Kent,"42,023"
Delaware,New Castle,"56,745"
Delaware,Sussex,"50,333"
District of Columbia,District of Columbia,"82,005"
Florida,Alachua,"44,390"
Florida,Baker,"32,313"
Florida,Bay,"43,231"
Florida,Bradford,"33,557"
Florida,Brevard,"45,425"
Florida,Broward,"50,269"
Florida,Calhoun,"26,873"
Florida,Charlotte,"41,564"
Florida,Citrus,"37,920"
Florida,Clay,"42,909"
Florida,Collier,"92,686"
Florida,Columbia,"35,074"
Florida,DeSoto,"23,610"
Florida,Dixie,"27,956"
Florida,Duval,"46,174"
Florida,Escambia,"42,537"
Florida,Flagler,"46,220"
Florida,Franklin,"35,988"
Florida,Gadsden,"35,139"
Florida,Gilchrist,"33,774"
Florida,Glades,"24,467"
Florida,Gulf,"35,701"
Florida,Hamilton,"26,016"
Florida,Hardee,"28,285"
Florida,Hendry,"31,071"
Florida,Hernando,"36,878"
Florida,Highlands,"33,453"
Florida,Hillsborough,"47,000"
Florida,Holmes,"30,468"
Florida,Indian River,"76,059"
Florida,Jackson,"32,106"
Florida,Jefferson,"40,736"
Florida,Lafayette,"24,148"
Florida,Lake,"42,190"
Florida,Lee,"51,266"
Florida,Leon,"44,482"
Florida,Levy,"35,204"
Florida,Liberty,"23,582"
Florida,Madison,"31,675"
Florida,Manatee,"47,378"
Florida,Marion,"36,997"
Florida,Martin,"83,873"
Florida,Miami-Dade,"50,022"
Florida,Monroe,"92,119"
Florida,Nassau,"57,877"
Florida,Okaloosa,"48,875"
Florida,Okeechobee,"30,661"
Florida,Orange,"44,647"
Florida,Osceola,"33,346"
Florida,Palm Beach,"79,760"
Florida,Pasco,"40,313"
Florida,Pinellas,"53,455"
Florida,Polk,"35,463"
Florida,Putnam,"31,773"
Florida,St. Johns,"68,149"
Florida,St. Lucie,"39,374"
Florida,Santa Rosa,"44,527"
Florida,Sarasota,"64,868"
Florida,Seminole,"49,049"
Florida,Sumter,"46,100"
Florida,Suwannee,"33,068"
Florida,Taylor,"30,346"
Florida,Union,"22,227"
Florida,Volusia,"42,374"
Florida,Wakulla,"37,026"
Florida,Walton,"59,728"
Florida,Washington,"29,414"
Georgia,Appling,"33,268"
Georgia,Atkinson,"30,511"
Georgia,Bacon,"33,080"
Georgia,Baker,"38,666"
Georgia,Baldwin,"33,203"
Georgia,Banks,"36,276"
Georgia,Barrow,"36,898"
Georgia,Bartow,"38,298"
Georgia,Ben Hill,"31,436"
Georgia,Berrien,"31,535"
Georgia,Bibb,"41,709"
Georgia,Bleckley,"33,672"
Georgia,Brantley,"27,413"
Georgia,Brooks,"34,944"
Georgia,Bryan,"52,456"
Georgia,Bulloch,"32,382"
Georgia,Burke,"35,524"
Georgia,Butts,"34,297"
Georgia,Calhoun,"24,638"
Georgia,Camden,"36,113"
Georgia,Candler,"31,385"
Georgia,Carroll,"38,571"
Georgia,Catoosa,"35,158"
Georgia,Charlton,"24,976"
Georgia,Chatham,"47,563"
Georgia,Chattahoochee,"31,115"
Georgia,Chattooga,"30,946"
Georgia,Cherokee,"51,137"
Georgia,Clarke,"33,970"
Georgia,Clay,"31,520"
Georgia,Clayton,"28,020"
Georgia,Clinch,"37,548"
Georgia,Cobb,"57,162"
Georgia,Coffee,"32,644"
Georgia,Colquitt,"32,526"
Georgia,Columbia,"49,473"
Georgia,Cook,"32,524"
Georgia,Coweta,"46,438"
Georgia,Crawford,"33,784"
Georgia,Crisp,"32,540"
Georgia,Dade,"35,640"
Georgia,Dawson,"45,201"
Georgia,Decatur,"36,150"
Georgia,DeKalb,"50,871"
Georgia,Dodge,"30,682"
Georgia,Dooly,"28,297"
Georgia,Dougherty,"34,744"
Georgia,Douglas,"35,230"
Georgia,Early,"38,945"
Georgia,Echols,"27,880"
Georgia,Effingham,"41,942"
Georgia,Elbert,"35,448"
Georgia,Emanuel,"32,187"
Georgia,Evans,"35,212"
Georgia,Fannin,"35,727"
Georgia,Fayette,"63,515"
Georgia,Floyd,"38,524"
Georgia,Forsyth,"62,580"
Georgia,Franklin,"36,672"
Georgia,Fulton,"84,386"
Georgia,Gilmer,"35,419"
Georgia,Glascock,"33,931"
Georgia,Glynn,"46,073"
Georgia,Gordon,"36,947"
Georgia,Grady,"34,899"
Georgia,Greene,"55,396"
Georgia,Gwinnett,"41,458"
Georgia,Habersham,"33,925"
Georgia,Hall,"43,701"
Georgia,Hancock,"29,917"
Georgia,Haralson,"36,508"
Georgia,Harris,"47,469"
Georgia,Hart,"38,125"
Georgia,Heard,"31,144"
Georgia,Henry,"39,184"
Georgia,Houston,"42,625"
Georgia,Irwin,"32,824"
Georgia,Jackson,"42,211"
Georgia,Jasper,"40,606"
Georgia,Jeff Davis,"29,943"
Georgia,Jefferson,"34,034"
Georgia,Jenkins,"29,250"
Georgia,Johnson,"26,195"
Georgia,Jones,"37,618"
Georgia,Lamar,"33,079"
Georgia,Lanier,"27,561"
Georgia,Laurens,"37,372"
Georgia,Lee,"47,258"
Georgia,Liberty,"35,805"
Georgia,Lincoln,"37,333"
Georgia,Long,"27,071"
Georgia,Lowndes,"37,443"
Georgia,Lumpkin,"37,427"
Georgia,McDuffie,"36,982"
Georgia,McIntosh,"29,519"
Georgia,Macon,"31,028"
Georgia,Madison,"36,557"
Georgia,Marion,"29,333"
Georgia,Meriwether,"34,847"
Georgia,Miller,"40,826"
Georgia,Mitchell,"35,069"
Georgia,Monroe,"44,790"
Georgia,Montgomery,"29,408"
Georgia,Morgan,"50,541"
Georgia,Murray,"29,968"
Georgia,Muscogee,"44,149"
Georgia,Newton,"33,750"
Georgia,Oconee,"66,740"
Georgia,Oglethorpe,"37,709"
Georgia,Paulding,"37,727"
Georgia,Peach,"38,066"
Georgia,Pickens,"47,887"
Georgia,Pierce,"36,065"
Georgia,Pike,"39,851"
Georgia,Polk,"32,368"
Georgia,Pulaski,"30,358"
Georgia,Putnam,"41,839"
Georgia,Quitman,"30,902"
Georgia,Rabun,"41,128"
Georgia,Randolph,"33,238"
Georgia,Richmond,"38,196"
Georgia,Rockdale,"35,244"
Georgia,Schley,"30,931"
Georgia,Screven,"35,010"
Georgia,Seminole,"40,217"
Georgia,Spalding,"34,772"
Georgia,Stephens,"38,915"
Georgia,Stewart,"22,771"
Georgia,Sumter,"35,847"
Georgia,Talbot,"34,504"
Georgia,Taliaferro,"33,927"
Georgia,Tattnall,"28,406"
Georgia,Taylor,"30,141"
Georgia,Telfair,"20,923"
Georgia,Terrell,"40,325"
Georgia,Thomas,"44,355"
Georgia,Tift,"37,805"
Georgia,Toombs,"35,517"
Georgia,Towns,"37,858"
Georgia,Treutlen,"30,119"
Georgia,Troup,"36,476"
Georgia,Turner,"34,396"
Georgia,Twiggs,"39,530"
Georgia,Union,"36,581"
Georgia,Upson,"35,133"
Georgia,Walker,"32,826"
Georgia,Walton,"40,458"
Georgia,Ware,"33,906"
Georgia,Warren,"34,598"
Georgia,Washington,"35,296"
Georgia,Wayne,"31,954"
Georgia,Webster,"33,109"
Georgia,Wheeler,"19,631"
Georgia,White,"34,961"
Georgia,Whitfield,"38,752"
Georgia,Wilcox,"26,712"
Georgia,Wilkes,"39,472"
Georgia,Wilkinson,"35,204"
Georgia,Worth,"34,380"
Hawaii,Hawaii,"42,449"
Hawaii,Honolulu,"59,608"
Hawaii,Kauai,"49,416"
Hawaii,Maui + Kalawao,"49,040"
Idaho,Ada,"52,958"
Idaho,Adams,"37,452"
Idaho,Bannock,"38,160"
Idaho,Bear Lake,"38,493"
Idaho,Benewah,"37,383"
Idaho,Bingham,"36,335"
Idaho,Blaine,"113,780"
Idaho,Boise,"43,392"
Idaho,Bonner,"41,209"
Idaho,Bonneville,"48,287"
Idaho,Boundary,"36,934"
Idaho,Butte,"38,961"
Idaho,Camas,"38,600"
Idaho,Canyon,"32,680"
Idaho,Caribou,"39,146"
Idaho,Cassia,"45,220"
Idaho,Clark,"39,408"
Idaho,Clearwater,"34,506"
Idaho,Custer,"43,185"
Idaho,Elmore,"36,855"
Idaho,Franklin,"36,064"
Idaho,Fremont (includes Yellowstone National Park),"36,908"
Idaho,Gem,"37,796"
Idaho,Gooding,"52,875"
Idaho,Idaho,"35,122"
Idaho,Jefferson,"34,900"
Idaho,Jerome,"38,184"
Idaho,Kootenai,"44,987"
Idaho,Latah,"41,341"
Idaho,Lemhi,"41,565"
Idaho,Lewis,"47,267"
Idaho,Lincoln,"34,821"
Idaho,Madison,"26,407"
Idaho,Minidoka,"38,159"
Idaho,Nez Perce,"44,397"
Idaho,Oneida,"35,234"
Idaho,Owyhee,"33,372"
Idaho,Payette,"38,933"
Idaho,Power,"36,667"
Idaho,Shoshone,"35,537"
Idaho,Teton,"39,858"
Idaho,Twin Falls,"39,623"
Idaho,Valley,"49,630"
Idaho,Washington,"36,225"
Illinois,Adams,"46,886"
Illinois,Alexander,"34,713"
Illinois,Bond,"37,653"
Illinois,Boone,"47,437"
Illinois,Brown,"35,166"
Illinois,Bureau,"43,931"
Illinois,Calhoun,"42,511"
Illinois,Carroll,"42,399"
Illinois,Cass,"42,649"
Illinois,Champaign,"45,328"
Illinois,Christian,"41,724"
Illinois,Clark,"43,012"
Illinois,Clay,"40,351"
Illinois,Clinton,"48,253"
Illinois,Coles,"40,995"
Illinois,Cook,"62,205"
Illinois,Crawford,"48,332"
Illinois,Cumberland,"43,778"
Illinois,DeKalb,"40,929"
Illinois,De Witt,"47,205"
Illinois,Douglas,"51,537"
Illinois,DuPage,"72,889"
Illinois,Edgar,"42,184"
Illinois,Edwards,"40,331"
Illinois,Effingham,"50,599"
Illinois,Fayette,"35,456"
Illinois,Ford,"52,879"
Illinois,Franklin,"37,355"
Illinois,Fulton,"38,361"
Illinois,Gallatin,"44,602"
Illinois,Greene,"36,912"
Illinois,Grundy,"51,657"
Illinois,Hamilton,"43,349"
Illinois,Hancock,"46,081"
Illinois,Hardin,"37,155"
Illinois,Henderson,"41,951"
Illinois,Henry,"45,072"
Illinois,Iroquois,"43,258"
Illinois,Jackson,"37,284"
Illinois,Jasper,"45,961"
Illinois,Jefferson,"39,581"
Illinois,Jersey,"41,522"
Illinois,Jo Daviess,"49,061"
Illinois,Johnson,"35,956"
Illinois,Kane,"51,333"
Illinois,Kankakee,"41,290"
Illinois,Kendall,"49,033"
Illinois,Knox,"39,471"
Illinois,Lake,"78,559"
Illinois,LaSalle,"44,632"
Illinois,Lawrence,"29,911"
Illinois,Lee,"41,788"
Illinois,Livingston,"44,775"
Illinois,Logan,"38,339"
Illinois,McDonough,"38,692"
Illinois,McHenry,"55,720"
Illinois,McLean,"49,180"
Illinois,Macon,"48,214"
Illinois,Macoupin,"41,607"
Illinois,Madison,"46,890"
Illinois,Marion,"43,059"
Illinois,Marshall,"46,015"
Illinois,Mason,"42,510"
Illinois,Massac,"38,360"
Illinois,Menard,"47,233"
Illinois,Mercer,"45,046"
Illinois,Monroe,"58,686"
Illinois,Montgomery,"37,717"
Illinois,Morgan,"41,359"
Illinois,Moultrie,"62,718"
Illinois,Ogle,"46,755"
Illinois,Peoria,"51,135"
Illinois,Perry,"38,369"
Illinois,Piatt,"54,258"
Illinois,Pike,"42,768"
Illinois,Pope,"30,306"
Illinois,Pulaski,"36,146"
Illinois,Putnam,"58,869"
Illinois,Randolph,"36,905"
Illinois,Richland,"42,555"
Illinois,Rock Island,"44,802"
Illinois,St. Clair,"45,061"
Illinois,Saline,"39,687"
Illinois,Sangamon,"48,891"
Illinois,Schuyler,"44,200"
Illinois,Scott,"42,720"
Illinois,Shelby,"41,512"
Illinois,Stark,"42,877"
Illinois,Stephenson,"42,722"
Illinois,Tazewell,"47,862"
Illinois,Union,"42,760"
Illinois,Vermilion,"39,481"
Illinois,Wabash,"43,571"
Illinois,Warren,"41,274"
Illinois,Washington,"51,144"
Illinois,Wayne,"41,164"
Illinois,White,"49,605"
Illinois,Whiteside,"44,016"
Illinois,Will,"52,953"
Illinois,Williamson,"44,509"
Illinois,Winnebago,"43,742"
Illinois,Woodford,"52,928"
Indiana,Adams,"39,167"
Indiana,Allen,"46,288"
Indiana,Bartholomew,"49,922"
Indiana,Benton,"42,775"
Indiana,Blackford,"37,677"
Indiana,Boone,"73,531"
Indiana,Brown,"46,785"
Indiana,Carroll,"44,201"
Indiana,Cass,"38,788"
Indiana,Clark,"43,763"
Indiana,Clay,"38,615"
Indiana,Clinton,"39,172"
Indiana,Crawford,"33,483"
Indiana,Daviess,"42,064"
Indiana,Dearborn,"47,454"
Indiana,Decatur,"42,733"
Indiana,DeKalb,"44,069"
Indiana,Delaware,"37,201"
Indiana,Dubois,"56,488"
Indiana,Elkhart,"46,816"
Indiana,Fayette,"40,939"
Indiana,Floyd,"55,480"
Indiana,Fountain,"41,010"
Indiana,Franklin,"46,629"
Indiana,Fulton,"41,437"
Indiana,Gibson,"45,385"
Indiana,Grant,"40,444"
Indiana,Greene,"39,840"
Indiana,Hamilton,"74,717"
Indiana,Hancock,"50,422"
Indiana,Harrison,"41,862"
Indiana,Hendricks,"49,641"
Indiana,Henry,"38,336"
Indiana,Howard,"41,842"
Indiana,Huntington,"42,292"
Indiana,Jackson,"42,722"
Indiana,Jasper,"43,293"
Indiana,Jay,"39,321"
Indiana,Jefferson,"41,981"
Indiana,Jennings,"38,959"
Indiana,Johnson,"48,332"
Indiana,Knox,"44,626"
Indiana,Kosciusko,"47,799"
Indiana,Lagrange,"42,146"
Indiana,Lake,"45,172"
Indiana,LaPorte,"42,527"
Indiana,Lawrence,"40,614"
Indiana,Madison,"38,172"
Indiana,Marion,"51,940"
Indiana,Marshall,"41,329"
Indiana,Martin,"39,941"
Indiana,Miami,"35,039"
Indiana,Monroe,"42,212"
Indiana,Montgomery,"40,056"
Indiana,Morgan,"44,183"
Indiana,Newton,"39,818"
Indiana,Noble,"39,798"
Indiana,Ohio,"40,714"
Indiana,Orange,"38,124"
Indiana,Owen,"40,081"
Indiana,Parke,"36,345"
Indiana,Perry,"37,851"
Indiana,Pike,"40,714"
Indiana,Porter,"53,130"
Indiana,Posey,"48,180"
Indiana,Pulaski,"43,522"
Indiana,Putnam,"37,479"
Indiana,Randolph,"38,491"
Indiana,Ripley,"41,817"
Indiana,Rush,"46,945"
Indiana,St. Joseph,"47,673"
Indiana,Scott,"37,475"
Indiana,Shelby,"43,854"
Indiana,Spencer,"43,971"
Indiana,Starke,"35,347"
Indiana,Steuben,"43,231"
Indiana,Sullivan,"35,181"
Indiana,Switzerland,"30,827"
Indiana,Tippecanoe,"39,169"
Indiana,Tipton,"46,610"
Indiana,Union,"38,998"
Indiana,Vanderburgh,"45,893"
Indiana,Vermillion,"39,411"
Indiana,Vigo,"38,970"
Indiana,Wabash,"43,820"
Indiana,Warren,"45,419"
Indiana,Warrick,"56,476"
Indiana,Washington,"38,123"
Indiana,Wayne,"41,505"
Indiana,Wells,"42,730"
Indiana,White,"43,852"
Indiana,Whitley,"44,528"
Iowa,Adair,"51,989"
Iowa,Adams,"66,319"
Iowa,Allamakee,"45,745"
Iowa,Appanoose,"38,478"
Iowa,Audubon,"48,279"
Iowa,Benton,"53,994"
Iowa,Black Hawk,"44,764"
Iowa,Boone,"49,606"
Iowa,Bremer,"49,405"
Iowa,Buchanan,"46,491"
Iowa,Buena Vista,"50,000"
Iowa,Butler,"49,863"
Iowa,Calhoun,"51,217"
Iowa,Carroll,"54,456"
Iowa,Cass,"48,327"
Iowa,Cedar,"53,356"
Iowa,Cerro Gordo,"53,342"
Iowa,Cherokee,"62,827"
Iowa,Chickasaw,"58,354"
Iowa,Clarke,"43,888"
Iowa,Clay,"51,876"
Iowa,Clayton,"50,371"
Iowa,Clinton,"44,244"
Iowa,Crawford,"41,765"
Iowa,Dallas,"66,128"
Iowa,Davis,"36,921"
Iowa,Decatur,"35,908"
Iowa,Delaware,"51,998"
Iowa,Des Moines,"50,515"
Iowa,Dickinson,"58,592"
Iowa,Dubuque,"49,085"
Iowa,Emmet,"43,501"
Iowa,Fayette,"44,263"
Iowa,Floyd,"46,560"
Iowa,Franklin,"51,971"
Iowa,Fremont,"45,399"
Iowa,Greene,"48,356"
Iowa,Grundy,"53,270"
Iowa,Guthrie,"52,694"
Iowa,Hamilton,"53,071"
Iowa,Hancock,"54,791"
Iowa,Hardin,"52,677"
Iowa,Harrison,"44,895"
Iowa,Henry,"43,223"
Iowa,Howard,"48,232"
Iowa,Humboldt,"50,201"
Iowa,Ida,"52,758"
Iowa,Iowa,"55,204"
Iowa,Jackson,"45,167"
Iowa,Jasper,"43,551"
Iowa,Jefferson,"42,320"
Iowa,Johnson,"52,672"
Iowa,Jones,"43,652"
Iowa,Keokuk,"44,509"
Iowa,Kossuth,"52,992"
Iowa,Lee,"42,174"
Iowa,Linn,"52,743"
Iowa,Louisa,"41,038"
Iowa,Lucas,"42,126"
Iowa,Lyon,"60,892"
Iowa,Madison,"49,505"
Iowa,Mahaska,"43,914"
Iowa,Marion,"48,956"
Iowa,Marshall,"43,652"
Iowa,Mills,"56,647"
Iowa,Mitchell,"63,318"
Iowa,Monona,"48,118"
Iowa,Monroe,"43,833"
Iowa,Montgomery,"42,280"
Iowa,Muscatine,"47,553"
Iowa,O'Brien,"59,835"
Iowa,Osceola,"57,164"
Iowa,Page,"41,629"
Iowa,Palo Alto,"53,056"
Iowa,Plymouth,"57,589"
Iowa,Pocahontas,"52,699"
Iowa,Polk,"53,215"
Iowa,Pottawattamie,"45,604"
Iowa,Poweshiek,"46,950"
Iowa,Ringgold,"45,714"
Iowa,Sac,"56,931"
Iowa,Scott,"54,323"
Iowa,Shelby,"50,834"
Iowa,Sioux,"56,029"
Iowa,Story,"41,885"
Iowa,Tama,"46,483"
Iowa,Taylor,"41,585"
Iowa,Union,"40,494"
Iowa,Van Buren,"41,378"
Iowa,Wapello,"39,002"
Iowa,Warren,"50,698"
Iowa,Washington,"57,438"
Iowa,Wayne,"43,981"
Iowa,Webster,"45,496"
Iowa,Winnebago,"44,528"
Iowa,Winneshiek,"50,175"
Iowa,Woodbury,"43,988"
Iowa,Worth,"42,321"
Iowa,Wright,"56,451"
Kansas,Allen,"40,218"
Kansas,Anderson,"38,539"
Kansas,Atchison,"37,436"
Kansas,Barber,"42,497"
Kansas,Barton,"48,036"
Kansas,Bourbon,"42,697"
Kansas,Brown,"43,023"
Kansas,Butler,"46,157"
Kansas,Chase,"46,385"
Kansas,Chautauqua,"40,661"
Kansas,Cherokee,"39,645"
Kansas,Cheyenne,"47,268"
Kansas,Clark,"62,654"
Kansas,Clay,"42,069"
Kansas,Cloud,"38,144"
Kansas,Coffey,"54,074"
Kansas,Comanche,"45,954"
Kansas,Cowley,"38,707"
Kansas,Crawford,"37,921"
Kansas,Decatur,"46,614"
Kansas,Dickinson,"40,582"
Kansas,Doniphan,"37,405"
Kansas,Douglas,"43,642"
Kansas,Edwards,"52,165"
Kansas,Elk,"40,899"
Kansas,Ellis,"46,465"
Kansas,Ellsworth,"43,316"
Kansas,Finney,"43,172"
Kansas,Ford,"38,962"
Kansas,Franklin,"42,383"
Kansas,Geary,"48,907"
Kansas,Gove,"58,539"
Kansas,Graham,"49,624"
Kansas,Grant,"46,591"
Kansas,Gray,"66,429"
Kansas,Greeley,"59,191"
Kansas,Greenwood,"42,708"
Kansas,Hamilton,"63,834"
Kansas,Harper,"47,024"
Kansas,Harvey,"42,057"
Kansas,Haskell,"52,783"
Kansas,Hodgeman,"49,176"
Kansas,Jackson,"41,686"
Kansas,Jefferson,"44,480"
Kansas,Jewell,"48,428"
Kansas,Johnson,"74,010"
Kansas,Kearny,"56,466"
Kansas,Kingman,"42,572"
Kansas,Kiowa,"44,262"
Kansas,Labette,"42,127"
Kansas,Lane,"93,628"
Kansas,Leavenworth,"42,851"
Kansas,Lincoln,"41,574"
Kansas,Linn,"37,267"
Kansas,Logan,"47,852"
Kansas,Lyon,"38,297"
Kansas,McPherson,"51,016"
Kansas,Marion,"41,410"
Kansas,Marshall,"45,766"
Kansas,Meade,"64,262"
Kansas,Miami,"48,748"
Kansas,Mitchell,"54,694"
Kansas,Montgomery,"37,576"
Kansas,Morris,"42,424"
Kansas,Morton,"43,644"
Kansas,Nemaha,"54,111"
Kansas,Neosho,"39,485"
Kansas,Ness,"57,310"
Kansas,Norton,"42,080"
Kansas,Osage,"40,102"
Kansas,Osborne,"46,018"
Kansas,Ottawa,"41,201"
Kansas,Pawnee,"39,223"
Kansas,Phillips,"51,320"
Kansas,Pottawatomie,"52,564"
Kansas,Pratt,"47,327"
Kansas,Rawlins,"55,821"
Kansas,Reno,"41,111"
Kansas,Republic,"44,273"
Kansas,Rice,"42,788"
Kansas,Riley,"42,566"
Kansas,Rooks,"42,363"
Kansas,Rush,"44,302"
Kansas,Russell,"44,443"
Kansas,Saline,"49,983"
Kansas,Scott,"69,254"
Kansas,Sedgwick,"53,776"
Kansas,Seward,"38,621"
Kansas,Shawnee,"46,861"
Kansas,Sheridan,"50,706"
Kansas,Sherman,"45,156"
Kansas,Smith,"45,484"
Kansas,Stafford,"44,534"
Kansas,Stanton,"63,897"
Kansas,Stevens,"38,970"
Kansas,Sumner,"40,027"
Kansas,Thomas,"45,671"
Kansas,Trego,"50,889"
Kansas,Wabaunsee,"50,534"
Kansas,Wallace,"56,954"
Kansas,Washington,"45,181"
Kansas,Wichita,"70,142"
Kansas,Wilson,"43,433"
Kansas,Woodson,"35,561"
Kansas,Wyandotte,"33,315"
Kentucky,Adair,"31,288"
Kentucky,Allen,"32,643"
Kentucky,Anderson,"39,321"
Kentucky,Ballard,"37,939"
Kentucky,Barren,"36,633"
Kentucky,Bath,"30,496"
Kentucky,Bell,"29,612"
Kentucky,Boone,"48,004"
Kentucky,Bourbon,"44,388"
Kentucky,Boyd,"39,746"
Kentucky,Boyle,"37,780"
Kentucky,Bracken,"36,758"
Kentucky,Breathitt,"33,753"
Kentucky,Breckinridge,"34,461"
Kentucky,Bullitt,"40,935"
Kentucky,Butler,"34,420"
Kentucky,Caldwell,"35,066"
Kentucky,Calloway,"35,722"
Kentucky,Campbell,"49,015"
Kentucky,Carlisle,"43,860"
Kentucky,Carroll,"36,349"
Kentucky,Carter,"30,847"
Kentucky,Casey,"31,205"
Kentucky,Christian,"37,742"
Kentucky,Clark,"39,848"
Kentucky,Clay,"30,566"
Kentucky,Clinton,"31,308"
Kentucky,Crittenden,"35,325"
Kentucky,Cumberland,"35,549"
Kentucky,Daviess,"41,754"
Kentucky,Edmonson,"32,253"
Kentucky,Elliott,"22,481"
Kentucky,Estill,"31,555"
Kentucky,Fayette,"50,180"
Kentucky,Fleming,"33,537"
Kentucky,Floyd,"36,976"
Kentucky,Franklin,"41,760"
Kentucky,Fulton,"33,715"
Kentucky,Gallatin,"32,065"
Kentucky,Garrard,"34,363"
Kentucky,Grant,"36,093"
Kentucky,Graves,"38,130"
Kentucky,Grayson,"33,580"
Kentucky,Green,"34,570"
Kentucky,Greenup,"40,933"
Kentucky,Hancock,"36,929"
Kentucky,Hardin,"43,424"
Kentucky,Harlan,"30,877"
Kentucky,Harrison,"34,889"
Kentucky,Hart,"32,133"
Kentucky,Henderson,"39,891"
Kentucky,Henry,"37,981"
Kentucky,Hickman,"44,912"
Kentucky,Hopkins,"39,236"
Kentucky,Jackson,"28,352"
Kentucky,Jefferson,"51,937"
Kentucky,Jessamine,"43,470"
Kentucky,Johnson,"32,986"
Kentucky,Kenton,"57,982"
Kentucky,Knott,"30,118"
Kentucky,Knox,"29,431"
Kentucky,Larue,"36,525"
Kentucky,Laurel,"33,921"
Kentucky,Lawrence,"31,654"
Kentucky,Lee,"30,157"
Kentucky,Leslie,"32,724"
Kentucky,Letcher,"30,852"
Kentucky,Lewis,"31,156"
Kentucky,Lincoln,"31,399"
Kentucky,Livingston,"37,792"
Kentucky,Logan,"36,005"
Kentucky,Lyon,"36,652"
Kentucky,McCracken,"48,383"
Kentucky,McCreary,"25,835"
Kentucky,McLean,"41,603"
Kentucky,Madison,"35,397"
Kentucky,Magoffin,"30,537"
Kentucky,Marion,"36,083"
Kentucky,Marshall,"41,625"
Kentucky,Martin,"29,840"
Kentucky,Mason,"40,541"
Kentucky,Meade,"40,026"
Kentucky,Menifee,"30,305"
Kentucky,Mercer,"37,146"
Kentucky,Metcalfe,"31,512"
Kentucky,Monroe,"36,385"
Kentucky,Montgomery,"34,751"
Kentucky,Morgan,"26,831"
Kentucky,Muhlenberg,"33,892"
Kentucky,Nelson,"42,442"
Kentucky,Nicholas,"33,999"
Kentucky,Ohio,"33,262"
Kentucky,Oldham,"63,039"
Kentucky,Owen,"33,940"
Kentucky,Owsley,"31,486"
Kentucky,Pendleton,"43,757"
Kentucky,Perry,"38,523"
Kentucky,Pike,"36,319"
Kentucky,Powell,"31,498"
Kentucky,Pulaski,"37,024"
Kentucky,Robertson,"32,815"
Kentucky,Rockcastle,"31,176"
Kentucky,Rowan,"30,777"
Kentucky,Russell,"34,343"
Kentucky,Scott,"43,409"
Kentucky,Shelby,"45,392"
Kentucky,Simpson,"38,189"
Kentucky,Spencer,"43,960"
Kentucky,Taylor,"35,020"
Kentucky,Todd,"38,508"
Kentucky,Trigg,"36,495"
Kentucky,Trimble,"36,565"
Kentucky,Union,"33,736"
Kentucky,Warren,"38,045"
Kentucky,Washington,"37,824"
Kentucky,Wayne,"28,484"
Kentucky,Webster,"39,188"
Kentucky,Whitley,"33,447"
Kentucky,Wolfe,"31,083"
Kentucky,Woodford,"51,753"
Louisiana,Acadia,"37,304"
Louisiana,Allen,"33,381"
Louisiana,Ascension,"49,829"
Louisiana,Assumption,"46,788"
Louisiana,Avoyelles,"37,911"
Louisiana,Beauregard,"42,782"
Louisiana,Bienville,"38,493"
Louisiana,Bossier,"44,149"
Louisiana,Caddo,"48,413"
Louisiana,Calcasieu,"48,968"
Louisiana,Caldwell,"33,950"
Louisiana,Cameron,"50,280"
Louisiana,Catahoula,"33,655"
Louisiana,Claiborne,"35,240"
Louisiana,Concordia,"32,942"
Louisiana,De Soto,"40,584"
Louisiana,East Baton Rouge,"51,386"
Louisiana,East Carroll,"36,010"
Louisiana,East Feliciana,"42,771"
Louisiana,Evangeline,"33,671"
Louisiana,Franklin,"31,928"
Louisiana,Grant,"31,828"
Louisiana,Iberia,"39,270"
Louisiana,Iberville,"41,423"
Louisiana,Jackson,"34,116"
Louisiana,Jefferson,"51,005"
Louisiana,Jefferson Davis,"42,334"
Louisiana,Lafayette,"50,273"
Louisiana,Lafourche,"47,096"
Louisiana,LaSalle,"32,413"
Louisiana,Lincoln,"40,410"
Louisiana,Livingston,"40,658"
Louisiana,Madison,"32,437"
Louisiana,Morehouse,"38,495"
Louisiana,Natchitoches,"39,860"
Louisiana,Orleans,"52,004"
Louisiana,Ouachita,"41,053"
Louisiana,Plaquemines,"49,376"
Louisiana,Pointe Coupee,"44,366"
Louisiana,Rapides,"46,090"
Louisiana,Red River,"42,201"
Louisiana,Richland,"37,330"
Louisiana,Sabine,"34,558"
Louisiana,St. Bernard,"32,130"
Louisiana,St. Charles,"49,353"
Louisiana,St. Helena,"41,592"
Louisiana,St. James,"48,484"
Louisiana,St. John the Baptist,"40,573"
Louisiana,St. Landry,"41,191"
Louisiana,St. Martin,"37,645"
Louisiana,St. Mary,"39,280"
Louisiana,St. Tammany,"62,366"
Louisiana,Tangipahoa,"38,974"
Louisiana,Tensas,"36,630"
Louisiana,Terrebonne,"41,504"
Louisiana,Union,"38,794"
Louisiana,Vermilion,"39,042"
Louisiana,Vernon,"40,729"
Louisiana,Washington,"33,480"
Louisiana,Webster,"40,175"
Louisiana,West Baton Rouge,"46,976"
Louisiana,West Carroll,"36,633"
Louisiana,West Feliciana,"38,655"
Louisiana,Winn,"36,698"
Maine,Androscoggin,"41,528"
Maine,Aroostook,"41,241"
Maine,Cumberland,"62,523"
Maine,Franklin,"38,544"
Maine,Hancock,"51,259"
Maine,Kennebec,"44,940"
Maine,Knox,"52,358"
Maine,Lincoln,"50,922"
Maine,Oxford,"37,999"
Maine,Penobscot,"42,053"
Maine,Piscataquis,"38,427"
Maine,Sagadahoc,"51,325"
Maine,Somerset,"38,142"
Maine,Waldo,"40,912"
Maine,Washington,"40,378"
Maine,York,"52,068"
Maryland,Allegany,"40,517"
Maryland,Anne Arundel,"67,363"
Maryland,Baltimore,"61,556"
Maryland,Calvert,"62,591"
Maryland,Caroline,"45,906"
Maryland,Carroll,"63,039"
Maryland,Cecil,"47,695"
Maryland,Charles,"57,051"
Maryland,Dorchester,"46,562"
Maryland,Frederick,"61,869"
Maryland,Garrett,"45,595"
Maryland,Harford,"58,841"
Maryland,Howard,"78,416"
Maryland,Kent,"61,497"
Maryland,Montgomery,"89,690"
Maryland,Prince George's,"49,420"
Maryland,Queen Anne's,"64,810"
Maryland,St. Mary's,"56,820"
Maryland,Somerset,"31,562"
Maryland,Talbot,"73,232"
Maryland,Washington,"47,092"
Maryland,Wicomico,"42,054"
Maryland,Worcester,"60,007"
Maryland,Baltimore City,"51,357"
Massachusetts,Barnstable,"74,756"
Massachusetts,Berkshire,"56,503"
Massachusetts,Bristol,"54,089"
Massachusetts,Dukes,"93,726"
Massachusetts,Essex,"67,507"
Massachusetts,Franklin,"54,689"
Massachusetts,Hampden,"51,187"
Massachusetts,Hampshire,"52,984"
Massachusetts,Middlesex,"83,795"
Massachusetts,Nantucket,"124,168"
Massachusetts,Norfolk,"92,285"
Massachusetts,Plymouth,"67,505"
Massachusetts,Suffolk,"81,152"
Massachusetts,Worcester,"57,003"
Michigan,Alcona,"38,375"
Michigan,Alger,"33,767"
Michigan,Allegan,"45,182"
Michigan,Alpena,"40,985"
Michigan,Antrim,"47,070"
Michigan,Arenac,"37,369"
Michigan,Baraga,"33,519"
Michigan,Barry,"44,919"
Michigan,Bay,"41,722"
Michigan,Benzie,"43,557"
Michigan,Berrien,"47,430"
Michigan,Branch,"37,622"
Michigan,Calhoun,"40,276"
Michigan,Cass,"44,994"
Michigan,Charlevoix,"52,885"
Michigan,Cheboygan,"40,080"
Michigan,Chippewa,"34,269"
Michigan,Clare,"34,120"
Michigan,Clinton,"46,518"
Michigan,Crawford,"34,648"
Michigan,Delta,"40,551"
Michigan,Dickinson,"49,397"
Michigan,Eaton,"42,693"
Michigan,Emmet,"57,115"
Michigan,Genesee,"41,068"
Michigan,Gladwin,"36,874"
Michigan,Gogebic,"39,945"
Michigan,Grand Traverse,"50,639"
Michigan,Gratiot,"37,834"
Michigan,Hillsdale,"36,598"
Michigan,Houghton,"37,674"
Michigan,Huron,"45,425"
Michigan,Ingham,"40,761"
Michigan,Ionia,"35,273"
Michigan,Iosco,"37,970"
Michigan,Iron,"44,959"
Michigan,Isabella,"35,501"
Michigan,Jackson,"39,832"
Michigan,Kalamazoo,"48,723"
Michigan,Kalkaska,"34,623"
Michigan,Kent,"53,935"
Michigan,Keweenaw,"47,618"
Michigan,Lake,"31,813"
Michigan,Lapeer,"43,679"
Michigan,Leelanau,"67,320"
Michigan,Lenawee,"39,600"
Michigan,Livingston,"58,326"
Michigan,Luce,"31,827"
Michigan,Mackinac,"44,457"
Michigan,Macomb,"46,530"
Michigan,Manistee,"38,814"
Michigan,Marquette,"40,036"
Michigan,Mason,"41,667"
Michigan,Mecosta,"34,252"
Michigan,Menominee,"43,594"
Michigan,Midland,"60,467"
Michigan,Missaukee,"34,972"
Michigan,Monroe,"47,496"
Michigan,Montcalm,"34,972"
Michigan,Montmorency,"37,363"
Michigan,Muskegon,"39,072"
Michigan,Newaygo,"38,037"
Michigan,Oakland,"72,741"
Michigan,Oceana,"37,950"
Michigan,Ogemaw,"35,396"
Michigan,Ontonagon,"40,129"
Michigan,Osceola,"36,023"
Michigan,Oscoda,"33,896"
Michigan,Otsego,"40,589"
Michigan,Ottawa,"49,418"
Michigan,Presque Isle,"39,004"
Michigan,Roscommon,"37,141"
Michigan,Saginaw,"38,754"
Michigan,St. Clair,"44,316"
Michigan,St. Joseph,"38,866"
Michigan,Sanilac,"38,004"
Michigan,Schoolcraft,"39,948"
Michigan,Shiawassee,"39,435"
Michigan,Tuscola,"37,979"
Michigan,Van Buren,"41,123"
Michigan,Washtenaw,"59,363"
Michigan,Wayne,"42,942"
Michigan,Wexford,"36,454"
Minnesota,Aitkin,"39,780"
Minnesota,Anoka,"51,258"
Minnesota,Becker,"47,272"
Minnesota,Beltrami,"41,565"
Minnesota,Benton,"43,830"
Minnesota,Big Stone,"57,221"
Minnesota,Blue Earth,"44,383"
Minnesota,Brown,"52,995"
Minnesota,Carlton,"43,098"
Minnesota,Carver,"71,350"
Minnesota,Cass,"47,443"
Minnesota,Chippewa,"49,836"
Minnesota,Chisago,"48,750"
Minnesota,Clay,"43,180"
Minnesota,Clearwater,"44,001"
Minnesota,Cook,"55,319"
Minnesota,Cottonwood,"47,982"
Minnesota,Crow Wing,"45,610"
Minnesota,Dakota,"60,651"
Minnesota,Dodge,"47,984"
Minnesota,Douglas,"53,665"
Minnesota,Faribault,"43,343"
Minnesota,Fillmore,"45,378"
Minnesota,Freeborn,"45,808"
Minnesota,Goodhue,"53,549"
Minnesota,Grant,"52,556"
Minnesota,Hennepin,"74,698"
Minnesota,Houston,"52,354"
Minnesota,Hubbard,"43,235"
Minnesota,Isanti,"44,049"
Minnesota,Itasca,"43,685"
Minnesota,Jackson,"53,276"
Minnesota,Kanabec,"42,509"
Minnesota,Kandiyohi,"54,667"
Minnesota,Kittson,"55,597"
Minnesota,Koochiching,"41,890"
Minnesota,Lac qui Parle,"55,688"
Minnesota,Lake,"48,132"
Minnesota,Lake of the Woods,"57,357"
Minnesota,Le Sueur,"48,799"
Minnesota,Lincoln,"48,520"
Minnesota,Lyon,"49,455"
Minnesota,McLeod,"49,136"
Minnesota,Mahnomen,"36,950"
Minnesota,Marshall,"51,509"
Minnesota,Martin,"50,083"
Minnesota,Meeker,"43,944"
Minnesota,Mille Lacs,"41,582"
Minnesota,Morrison,"42,568"
Minnesota,Mower,"48,423"
Minnesota,Murray,"54,825"
Minnesota,Nicollet,"49,605"
Minnesota,Nobles,"45,100"
Minnesota,Norman,"44,254"
Minnesota,Olmsted,"58,554"
Minnesota,Otter Tail,"48,275"
Minnesota,Pennington,"55,399"
Minnesota,Pine,"37,067"
Minnesota,Pipestone,"58,004"
Minnesota,Polk,"48,820"
Minnesota,Pope,"52,091"
Minnesota,Ramsey,"54,934"
Minnesota,Red Lake,"51,750"
Minnesota,Redwood,"49,732"
Minnesota,Renville,"51,432"
Minnesota,Rice,"44,096"
Minnesota,Rock,"51,956"
Minnesota,Roseau,"51,307"
Minnesota,St. Louis,"47,417"
Minnesota,Scott,"59,687"
Minnesota,Sherburne,"47,031"
Minnesota,Sibley,"46,632"
Minnesota,Stearns,"47,196"
Minnesota,Steele,"47,604"
Minnesota,Stevens,"49,913"
Minnesota,Swift,"51,320"
Minnesota,Todd,"42,005"
Minnesota,Traverse,"61,255"
Minnesota,Wabasha,"48,724"
Minnesota,Wadena,"39,746"
Minnesota,Waseca,"44,556"
Minnesota,Washington,"67,928"
Minnesota,Watonwan,"42,979"
Minnesota,Wilkin,"59,516"
Minnesota,Winona,"50,036"
Minnesota,Wright,"50,181"
Minnesota,Yellow Medicine,"57,186"
Mississippi,Adams,"33,880"
Mississippi,Alcorn,"36,003"
Mississippi,Amite,"33,460"
Mississippi,Attala,"33,809"
Mississippi,Benton,"30,285"
Mississippi,Bolivar,"38,213"
Mississippi,Calhoun,"33,043"
Mississippi,Carroll,"37,615"
Mississippi,Chickasaw,"34,805"
Mississippi,Choctaw,"33,646"
Mississippi,Claiborne,"31,494"
Mississippi,Clarke,"36,431"
Mississippi,Clay,"39,191"
Mississippi,Coahoma,"33,915"
Mississippi,Copiah,"33,203"
Mississippi,Covington,"35,748"
Mississippi,DeSoto,"40,702"
Mississippi,Forrest,"38,880"
Mississippi,Franklin,"33,970"
Mississippi,George,"32,529"
Mississippi,Greene,"28,716"
Mississippi,Grenada,"35,632"
Mississippi,Hancock,"35,262"
Mississippi,Harrison,"37,303"
Mississippi,Hinds,"39,311"
Mississippi,Holmes,"28,371"
Mississippi,Humphreys,"31,864"
Mississippi,Issaquena,"18,541"
Mississippi,Itawamba,"34,734"
Mississippi,Jackson,"37,499"
Mississippi,Jasper,"37,281"
Mississippi,Jefferson,"33,098"
Mississippi,Jefferson Davis,"30,097"
Mississippi,Jones,"38,122"
Mississippi,Kemper,"29,287"
Mississippi,Lafayette,"42,110"
Mississippi,Lamar,"40,529"
Mississippi,Lauderdale,"37,959"
Mississippi,Lawrence,"34,616"
Mississippi,Leake,"31,436"
Mississippi,Lee,"41,934"
Mississippi,Leflore,"36,399"
Mississippi,Lincoln,"38,682"
Mississippi,Lowndes,"38,498"
Mississippi,Madison,"64,033"
Mississippi,Marion,"34,526"
Mississippi,Marshall,"32,341"
Mississippi,Monroe,"34,664"
Mississippi,Montgomery,"34,180"
Mississippi,Neshoba,"36,604"
Mississippi,Newton,"34,645"
Mississippi,Noxubee,"32,805"
Mississippi,Oktibbeha,"34,367"
Mississippi,Panola,"32,496"
Mississippi,Pearl River,"36,230"
Mississippi,Perry,"31,934"
Mississippi,Pike,"31,048"
Mississippi,Pontotoc,"32,996"
Mississippi,Prentiss,"30,743"
Mississippi,Quitman,"27,088"
Mississippi,Rankin,"44,661"
Mississippi,Scott,"32,095"
Mississippi,Sharkey,"32,070"
Mississippi,Simpson,"37,036"
Mississippi,Smith,"35,791"
Mississippi,Stone,"31,516"
Mississippi,Sunflower,"30,859"
Mississippi,Tallahatchie,"27,757"
Mississippi,Tate,"35,182"
Mississippi,Tippah,"33,919"
Mississippi,Tishomingo,"33,559"
Mississippi,Tunica,"32,425"
Mississippi,Union,"32,242"
Mississippi,Walthall,"31,757"
Mississippi,Warren,"39,580"
Mississippi,Washington,"37,568"
Mississippi,Wayne,"34,775"
Mississippi,Webster,"38,464"
Mississippi,Wilkinson,"29,413"
Mississippi,Winston,"35,742"
Mississippi,Yalobusha,"36,729"
Mississippi,Yazoo,"27,275"
Missouri,Adair,"33,578"
Missouri,Andrew,"45,118"
Missouri,Atchison,"42,633"
Missouri,Audrain,"40,111"
Missouri,Barry,"34,540"
Missouri,Barton,"35,884"
Missouri,Bates,"38,864"
Missouri,Benton,"35,973"
Missouri,Bollinger,"32,454"
Missouri,Boone,"47,687"
Missouri,Buchanan,"39,810"
Missouri,Butler,"35,302"
Missouri,Caldwell,"37,301"
Missouri,Callaway,"38,686"
Missouri,Camden,"38,794"
Missouri,Cape Girardeau,"46,314"
Missouri,Carroll,"45,110"
Missouri,Carter,"32,045"
Missouri,Cass,"47,151"
Missouri,Cedar,"31,664"
Missouri,Chariton,"42,227"
Missouri,Christian,"40,301"
Missouri,Clark,"34,516"
Missouri,Clay,"48,381"
Missouri,Clinton,"42,988"
Missouri,Cole,"47,790"
Missouri,Cooper,"38,916"
Missouri,Crawford,"36,090"
Missouri,Dade,"34,181"
Missouri,Dallas,"33,184"
Missouri,Daviess,"34,491"
Missouri,DeKalb,"28,294"
Missouri,Dent,"33,231"
Missouri,Douglas,"28,305"
Missouri,Dunklin,"34,129"
Missouri,Franklin,"45,719"
Missouri,Gasconade,"40,316"
Missouri,Gentry,"41,470"
Missouri,Greene,"44,837"
Missouri,Grundy,"34,723"
Missouri,Harrison,"38,274"
Missouri,Henry,"43,018"
Missouri,Hickory,"27,787"
Missouri,Holt,"45,259"
Missouri,Howard,"38,796"
Missouri,Howell,"34,055"
Missouri,Iron,"34,164"
Missouri,Jackson,"47,054"
Missouri,Jasper,"39,973"
Missouri,Jefferson,"42,780"
Missouri,Johnson,"36,777"
Missouri,Knox,"32,711"
Missouri,Laclede,"36,558"
Missouri,Lafayette,"42,119"
Missouri,Lawrence,"34,301"
Missouri,Lewis,"35,249"
Missouri,Lincoln,"40,788"
Missouri,Linn,"40,356"
Missouri,Livingston,"39,805"
Missouri,McDonald,"28,018"
Missouri,Macon,"42,414"
Missouri,Madison,"36,865"
Missouri,Maries,"33,348"
Missouri,Marion,"41,068"
Missouri,Mercer,"32,388"
Missouri,Miller,"35,547"
Missouri,Mississippi,"32,216"
Missouri,Moniteau,"37,533"
Missouri,Monroe,"42,672"
Missouri,Montgomery,"40,396"
Missouri,Morgan,"42,873"
Missouri,New Madrid,"33,869"
Missouri,Newton,"39,334"
Missouri,Nodaway,"31,013"
Missouri,Oregon,"28,722"
Missouri,Osage,"45,582"
Missouri,Ozark,"30,043"
Missouri,Pemiscot,"32,811"
Missouri,Perry,"41,321"
Missouri,Pettis,"37,763"
Missouri,Phelps,"39,132"
Missouri,Pike,"34,828"
Missouri,Platte,"58,878"
Missouri,Polk,"33,703"
Missouri,Pulaski,"40,512"
Missouri,Putnam,"33,945"
Missouri,Ralls,"40,698"
Missouri,Randolph,"39,903"
Missouri,Ray,"42,305"
Missouri,Reynolds,"35,034"
Missouri,Ripley,"30,437"
Missouri,St. Charles,"53,745"
Missouri,St. Clair,"29,830"
Missouri,Ste. Genevieve,"41,822"
Missouri,St. Francois,"34,485"
Missouri,St. Louis,"71,360"
Missouri,Saline,"38,580"
Missouri,Schuyler,"29,013"
Missouri,Scotland,"33,262"
Missouri,Scott,"40,221"
Missouri,Shannon,"30,503"
Missouri,Shelby,"40,356"
Missouri,Stoddard,"37,020"
Missouri,Stone,"38,900"
Missouri,Sullivan,"37,649"
Missouri,Taney,"35,956"
Missouri,Texas,"28,169"
Missouri,Vernon,"35,930"
Missouri,Warren,"41,674"
Missouri,Washington,"29,606"
Missouri,Wayne,"29,581"
Missouri,Webster,"32,589"
Missouri,Worth,"35,573"
Missouri,Wright,"32,178"
Missouri,St. Louis City,"47,643"
Montana,Beaverhead,"44,664"
Montana,Big Horn,"30,533"
Montana,Blaine,"31,263"
Montana,Broadwater,"39,306"
Montana,Carbon,"47,442"
Montana,Carter,"44,358"
Montana,Cascade,"47,518"
Montana,Chouteau,"37,340"
Montana,Custer,"44,689"
Montana,Daniels,"48,086"
Montana,Dawson,"45,295"
Montana,Deer Lodge,"39,063"
Montana,Fallon,"49,509"
Montana,Fergus,"43,808"
Montana,Flathead,"47,331"
Montana,Gallatin,"54,734"
Montana,Garfield,"36,291"
Montana,Glacier,"34,458"
Montana,Golden Valley,"49,137"
Montana,Granite,"43,791"
Montana,Hill,"45,017"
Montana,Jefferson,"47,960"
Montana,Judith Basin,"50,492"
Montana,Lake,"39,365"
Montana,Lewis and Clark,"48,562"
Montana,Liberty,"40,956"
Montana,Lincoln,"35,432"
Montana,McCone,"42,209"
Montana,Madison,"49,115"
Montana,Meagher,"46,128"
Montana,Mineral,"39,957"
Montana,Missoula,"49,492"
Montana,Musselshell,"43,133"
Montana,Park,"48,114"
Montana,Petroleum,"35,772"
Montana,Phillips,"39,172"
Montana,Pondera,"42,363"
Montana,Powder River,"32,479"
Montana,Powell,"39,771"
Montana,Prairie,"44,739"
Montana,Ravalli,"44,602"
Montana,Richland,"61,217"
Montana,Roosevelt,"34,794"
Montana,Rosebud,"42,250"
Montana,Sanders,"34,896"
Montana,Sheridan,"52,541"
Montana,Silver Bow,"48,939"
Montana,Stillwater,"51,773"
Montana,Sweet Grass,"44,455"
Montana,Teton,"44,369"
Montana,Toole,"45,481"
Montana,Treasure,"48,415"
Montana,Valley,"46,911"
Montana,Wheatland,"35,934"
Montana,Wibaux,"50,940"
Montana,Yellowstone,"52,340"
Nebraska,Adams,"49,139"
Nebraska,Antelope,"46,981"
Nebraska,Arthur,"46,901"
Nebraska,Banner,"58,252"
Nebraska,Blaine,"45,788"
Nebraska,Boone,"54,024"
Nebraska,Box Butte,"47,359"
Nebraska,Boyd,"55,795"
Nebraska,Brown,"51,496"
Nebraska,Buffalo,"54,052"
Nebraska,Burt,"50,268"
Nebraska,Butler,"47,286"
Nebraska,Cass,"53,602"
Nebraska,Cedar,"52,839"
Nebraska,Chase,"49,267"
Nebraska,Cherry,"45,124"
Nebraska,Cheyenne,"48,263"
Nebraska,Clay,"47,220"
Nebraska,Colfax,"43,106"
Nebraska,Cuming,"58,610"
Nebraska,Custer,"44,290"
Nebraska,Dakota,"41,831"
Nebraska,Dawes,"37,092"
Nebraska,Dawson,"43,055"
Nebraska,Deuel,"44,289"
Nebraska,Dixon,"44,185"
Nebraska,Dodge,"47,330"
Nebraska,Douglas,"63,435"
Nebraska,Dundy,"53,144"
Nebraska,Fillmore,"57,068"
Nebraska,Franklin,"47,132"
Nebraska,Frontier,"44,469"
Nebraska,Furnas,"49,008"
Nebraska,Gage,"49,863"
Nebraska,Garden,"40,892"
Nebraska,Garfield,"43,905"
Nebraska,Gosper,"52,671"
Nebraska,Grant,"42,545"
Nebraska,Greeley,"45,109"
Nebraska,Hall,"43,625"
Nebraska,Hamilton,"54,782"
Nebraska,Harlan,"48,143"
Nebraska,Hayes,"45,409"
Nebraska,Hitchcock,"37,990"
Nebraska,Holt,"51,404"
Nebraska,Hooker,"52,667"
Nebraska,Howard,"41,377"
Nebraska,Jefferson,"48,757"
Nebraska,Johnson,"37,179"
Nebraska,Kearney,"56,309"
Nebraska,Keith,"45,896"
Nebraska,Keya Paha,"58,784"
Nebraska,Kimball,"44,069"
Nebraska,Knox,"48,268"
Nebraska,Lancaster,"49,889"
Nebraska,Lincoln,"46,623"
Nebraska,Logan,"37,603"
Nebraska,Loup,"45,361"
Nebraska,McPherson,"45,530"
Nebraska,Madison,"50,630"
Nebraska,Merrick,"47,386"
Nebraska,Morrill,"49,071"
Nebraska,Nance,"38,000"
Nebraska,Nemaha,"48,807"
Nebraska,Nuckolls,"50,836"
Nebraska,Otoe,"53,850"
Nebraska,Pawnee,"48,851"
Nebraska,Perkins,"55,692"
Nebraska,Phelps,"52,792"
Nebraska,Pierce,"57,141"
Nebraska,Platte,"49,386"
Nebraska,Polk,"51,004"
Nebraska,Red Willow,"46,270"
Nebraska,Richardson,"48,195"
Nebraska,Rock,"49,241"
Nebraska,Saline,"43,763"
Nebraska,Sarpy,"50,333"
Nebraska,Saunders,"52,193"
Nebraska,Scotts Bluff,"44,171"
Nebraska,Seward,"49,832"
Nebraska,Sheridan,"47,076"
Nebraska,Sherman,"44,953"
Nebraska,Sioux,"42,404"
Nebraska,Stanton,"48,167"
Nebraska,Thayer,"57,523"
Nebraska,Thomas,"53,979"
Nebraska,Thurston,"41,468"
Nebraska,Valley,"45,713"
Nebraska,Washington,"56,640"
Nebraska,Wayne,"44,622"
Nebraska,Webster,"48,607"
Nebraska,Wheeler,"72,878"
Nebraska,York,"49,892"
Nevada,Churchill,"43,661"
Nevada,Clark,"47,090"
Nevada,Douglas,"75,159"
Nevada,Elko,"46,808"
Nevada,Esmeralda,"40,113"
Nevada,Eureka,"39,903"
Nevada,Humboldt,"46,927"
Nevada,Lander,"63,923"
Nevada,Lincoln,"36,604"
Nevada,Lyon,"38,713"
Nevada,Mineral,"38,074"
Nevada,Nye,"37,835"
Nevada,Pershing,"32,592"
Nevada,Storey,"59,651"
Nevada,Washoe,"59,639"
Nevada,White Pine,"44,736"
Nevada,Carson City,"50,754"
New Hampshire,Belknap,"61,091"
New Hampshire,Carroll,"58,949"
New Hampshire,Cheshire,"51,969"
New Hampshire,Coos,"43,098"
New Hampshire,Grafton,"60,426"
New Hampshire,Hillsborough,"61,147"
New Hampshire,Merrimack,"57,924"
New Hampshire,Rockingham,"73,819"
New Hampshire,Strafford,"50,574"
New Hampshire,Sullivan,"51,682"
New Jersey,Atlantic,"48,668"
New Jersey,Bergen,"85,951"
New Jersey,Burlington,"62,120"
New Jersey,Camden,"54,103"
New Jersey,Cape May,"60,877"
New Jersey,Cumberland,"40,289"
New Jersey,Essex,"67,459"
New Jersey,Gloucester,"54,745"
New Jersey,Hudson,"65,139"
New Jersey,Hunterdon,"89,610"
New Jersey,Mercer,"69,344"
New Jersey,Middlesex,"61,065"
New Jersey,Monmouth,"79,978"
New Jersey,Morris,"98,842"
New Jersey,Ocean,"52,008"
New Jersey,Passaic,"50,570"
New Jersey,Salem,"48,496"
New Jersey,Somerset,"106,194"
New Jersey,Sussex,"61,757"
New Jersey,Union,"68,262"
New Jersey,Warren,"56,058"
New Mexico,Bernalillo,"44,057"
New Mexico,Catron,"32,010"
New Mexico,Chaves,"40,322"
New Mexico,Cibola,"28,130"
New Mexico,Colfax,"39,826"
New Mexico,Curry,"44,161"
New Mexico,De Baca,"39,634"
New Mexico,Doña Ana,"36,570"
New Mexico,Eddy,"54,122"
New Mexico,Grant,"41,026"
New Mexico,Guadalupe,"32,994"
New Mexico,Harding,"38,716"
New Mexico,Hidalgo,"41,555"
New Mexico,Lea,"44,437"
New Mexico,Lincoln,"41,793"
New Mexico,Los Alamos,"70,600"
New Mexico,Luna,"31,140"
New Mexico,McKinley,"27,771"
New Mexico,Mora,"35,534"
New Mexico,Otero,"34,636"
New Mexico,Quay,"38,223"
New Mexico,Rio Arriba,"34,582"
New Mexico,Roosevelt,"39,446"
New Mexico,Sandoval,"41,547"
New Mexico,San Juan,"35,453"
New Mexico,San Miguel,"34,579"
New Mexico,Santa Fe,"58,510"
New Mexico,Sierra,"38,984"
New Mexico,Socorro,"34,699"
New Mexico,Taos,"38,455"
New Mexico,Torrance,"30,245"
New Mexico,Union,"32,620"
New Mexico,Valencia,"33,424"
New York,Albany,"61,201"
New York,Allegany,"34,880"
New York,Bronx,"37,376"
New York,Broome,"44,540"
New York,Cattaraugus,"39,995"
New York,Cayuga,"42,231"
New York,Chautauqua,"40,759"
New York,Chemung,"44,373"
New York,Chenango,"41,840"
New York,Clinton,"44,081"
New York,Columbia,"55,810"
New York,Cortland,"40,691"
New York,Delaware,"39,632"
New York,Dutchess,"56,365"
New York,Erie,"51,539"
New York,Essex,"45,996"
New York,Franklin,"37,644"
New York,Fulton,"43,112"
New York,Genesee,"43,582"
New York,Greene,"47,008"
New York,Hamilton,"54,086"
New York,Herkimer,"41,581"
New York,Jefferson,"46,924"
New York,Kings,"52,192"
New York,Lewis,"43,971"
New York,Livingston,"45,908"
New York,Madison,"44,502"
New York,Monroe,"52,951"
New York,Montgomery,"41,628"
New York,Nassau,"89,839"
New York,New York,"193,940"
New York,Niagara,"45,501"
New York,Oneida,"44,697"
New York,Onondaga,"52,886"
New York,Ontario,"53,498"
New York,Orange,"51,848"
New York,Orleans,"38,963"
New York,Oswego,"40,538"
New York,Otsego,"43,522"
New York,Putnam,"65,833"
New York,Queens,"49,777"
New York,Rensselaer,"49,156"
New York,Richmond,"56,749"
New York,Rockland,"60,464"
New York,St. Lawrence,"37,940"
New York,Saratoga,"67,618"
New York,Schenectady,"50,533"
New York,Schoharie,"40,791"
New York,Schuyler,"42,063"
New York,Seneca,"38,593"
New York,Steuben,"45,194"
New York,Suffolk,"68,617"
New York,Sullivan,"46,303"
New York,Tioga,"45,910"
New York,Tompkins,"45,282"
New York,Ulster,"50,462"
New York,Warren,"52,475"
New York,Washington,"40,043"
New York,Wayne,"46,048"
New York,Westchester,"108,976"
New York,Wyoming,"39,801"
New York,Yates,"39,402"
North Carolina,Alamance,"39,342"
North Carolina,Alexander,"37,438"
North Carolina,Alleghany,"37,549"
North Carolina,Anson,"34,616"
North Carolina,Ashe,"36,300"
North Carolina,Avery,"36,574"
North Carolina,Beaufort,"41,643"
North Carolina,Bertie,"34,766"
North Carolina,Bladen,"34,306"
North Carolina,Brunswick,"42,749"
North Carolina,Buncombe,"48,592"
North Carolina,Burke,"35,265"
North Carolina,Cabarrus,"45,220"
North Carolina,Caldwell,"35,374"
North Carolina,Camden,"45,335"
North Carolina,Carteret,"49,360"
North Carolina,Caswell,"35,591"
North Carolina,Catawba,"45,342"
North Carolina,Chatham,"63,041"
North Carolina,Cherokee,"32,266"
North Carolina,Chowan,"40,817"
North Carolina,Clay,"34,057"
North Carolina,Cleveland,"37,661"
North Carolina,Columbus,"32,397"
North Carolina,Craven,"43,665"
North Carolina,Cumberland,"38,780"
North Carolina,Currituck,"45,435"
North Carolina,Dare,"56,314"
North Carolina,Davidson,"39,087"
North Carolina,Davie,"47,630"
North Carolina,Duplin,"33,619"
North Carolina,Durham,"50,698"
North Carolina,Edgecombe,"34,946"
North Carolina,Forsyth,"48,804"
North Carolina,Franklin,"36,238"
North Carolina,Gaston,"41,379"
North Carolina,Gates,"36,060"
North Carolina,Graham,"33,075"
North Carolina,Granville,"38,652"
North Carolina,Greene,"32,569"
North Carolina,Guilford,"45,875"
North Carolina,Halifax,"36,013"
North Carolina,Harnett,"34,604"
North Carolina,Haywood,"40,290"
North Carolina,Henderson,"43,276"
North Carolina,Hertford,"32,702"
North Carolina,Hoke,"31,148"
North Carolina,Hyde,"43,490"
North Carolina,Iredell,"50,065"
North Carolina,Jackson,"32,844"
North Carolina,Johnston,"39,922"
North Carolina,Jones,"38,536"
North Carolina,Lee,"40,098"
North Carolina,Lenoir,"40,922"
North Carolina,Lincoln,"45,791"
North Carolina,McDowell,"34,077"
North Carolina,Macon,"40,057"
North Carolina,Madison,"34,036"
North Carolina,Martin,"34,647"
North Carolina,Mecklenburg,"61,137"
North Carolina,Mitchell,"35,932"
North Carolina,Montgomery,"35,611"
North Carolina,Moore,"51,307"
North Carolina,Nash,"42,016"
North Carolina,New Hanover,"45,290"
North Carolina,Northampton,"34,185"
North Carolina,Onslow,"46,142"
North Carolina,Orange,"67,385"
North Carolina,Pamlico,"43,532"
North Carolina,Pasquotank,"39,417"
North Carolina,Pender,"35,914"
North Carolina,Perquimans,"40,781"
North Carolina,Person,"38,202"
North Carolina,Pitt,"41,191"
North Carolina,Polk,"45,291"
North Carolina,Randolph,"37,017"
North Carolina,Richmond,"35,148"
North Carolina,Robeson,"29,438"
North Carolina,Rockingham,"37,137"
North Carolina,Rowan,"38,089"
North Carolina,Rutherford,"32,764"
North Carolina,Sampson,"35,900"
North Carolina,Scotland,"33,229"
North Carolina,Stanly,"39,047"
North Carolina,Stokes,"36,850"
North Carolina,Surry,"38,522"
North Carolina,Swain,"38,429"
North Carolina,Transylvania,"42,070"
North Carolina,Tyrrell,"30,000"
North Carolina,Union,"51,326"
North Carolina,Vance,"35,105"
North Carolina,Wake,"59,014"
North Carolina,Warren,"30,397"
North Carolina,Washington,"36,073"
North Carolina,Watauga,"36,684"
North Carolina,Wayne,"38,472"
North Carolina,Wilkes,"36,576"
North Carolina,Wilson,"40,501"
North Carolina,Yadkin,"37,027"
North Carolina,Yancey,"36,715"
North Dakota,Adams,"59,197"
North Dakota,Barnes,"55,784"
North Dakota,Benson,"34,482"
North Dakota,Billings,"74,682"
North Dakota,Bottineau,"58,823"
North Dakota,Bowman,"60,829"
North Dakota,Burke,"63,721"
North Dakota,Burleigh,"58,173"
North Dakota,Cass,"56,070"
North Dakota,Cavalier,"68,040"
North Dakota,Dickey,"52,437"
North Dakota,Divide,"48,574"
North Dakota,Dunn,"60,338"
North Dakota,Eddy,"54,013"
North Dakota,Emmons,"49,489"
North Dakota,Foster,"62,928"
North Dakota,Golden Valley,"43,871"
North Dakota,Grand Forks,"51,494"
North Dakota,Grant,"38,371"
North Dakota,Griggs,"55,349"
North Dakota,Hettinger,"51,130"
North Dakota,Kidder,"50,285"
North Dakota,LaMoure,"56,134"
North Dakota,Logan,"60,543"
North Dakota,McHenry,"52,233"
North Dakota,McIntosh,"59,596"
North Dakota,McKenzie,"62,549"
North Dakota,McLean,"54,518"
North Dakota,Mercer,"57,839"
North Dakota,Morton,"52,153"
North Dakota,Mountrail,"58,955"
North Dakota,Nelson,"60,817"
North Dakota,Oliver,"48,290"
North Dakota,Pembina,"50,088"
North Dakota,Pierce,"52,070"
North Dakota,Ramsey,"47,425"
North Dakota,Ransom,"55,912"
North Dakota,Renville,"60,976"
North Dakota,Richland,"53,007"
North Dakota,Rolette,"36,647"
North Dakota,Sargent,"65,448"
North Dakota,Sheridan,"35,497"
North Dakota,Sioux,"27,662"
North Dakota,Slope,"49,476"
North Dakota,Stark,"61,032"
North Dakota,Steele,"63,327"
North Dakota,Stutsman,"54,491"
North Dakota,Towner,"53,786"
North Dakota,Traill,"51,103"
North Dakota,Walsh,"48,945"
North Dakota,Ward,"55,214"
North Dakota,Wells,"55,328"
North Dakota,Williams,"68,874"
Ohio,Adams,"34,632"
Ohio,Allen,"42,816"
Ohio,Ashland,"38,441"
Ohio,Ashtabula,"38,461"
Ohio,Athens,"33,274"
Ohio,Auglaize,"49,578"
Ohio,Belmont,"42,429"
Ohio,Brown,"37,259"
Ohio,Butler,"47,408"
Ohio,Carroll,"39,698"
Ohio,Champaign,"41,055"
Ohio,Clark,"40,769"
Ohio,Clermont,"53,770"
Ohio,Clinton,"45,728"
Ohio,Columbiana,"38,013"
Ohio,Coshocton,"34,856"
Ohio,Crawford,"38,704"
Ohio,Cuyahoga,"54,739"
Ohio,Darke,"42,793"
Ohio,Defiance,"41,540"
Ohio,Delaware,"74,093"
Ohio,Erie,"62,591"
Ohio,Fairfield,"46,113"
Ohio,Fayette,"38,449"
Ohio,Franklin,"50,443"
Ohio,Fulton,"45,594"
Ohio,Gallia,"39,864"
Ohio,Geauga,"69,129"
Ohio,Greene,"50,291"
Ohio,Guernsey,"39,878"
Ohio,Hamilton,"59,561"
Ohio,Hancock,"51,623"
Ohio,Hardin,"33,482"
Ohio,Harrison,"38,573"
Ohio,Henry,"45,884"
Ohio,Highland,"36,326"
Ohio,Hocking,"38,047"
Ohio,Holmes,"45,211"
Ohio,Huron,"40,323"
Ohio,Jackson,"35,783"
Ohio,Jefferson,"39,311"
Ohio,Knox,"42,162"
Ohio,Lake,"50,729"
Ohio,Lawrence,"38,673"
Ohio,Licking,"46,059"
Ohio,Logan,"42,914"
Ohio,Lorain,"46,147"
Ohio,Lucas,"46,290"
Ohio,Madison,"41,751"
Ohio,Mahoning,"43,097"
Ohio,Marion,"38,252"
Ohio,Medina,"55,691"
Ohio,Meigs,"34,067"
Ohio,Mercer,"51,562"
Ohio,Miami,"47,552"
Ohio,Monroe,"34,665"
Ohio,Montgomery,"46,891"
Ohio,Morgan,"33,180"
Ohio,Morrow,"38,666"
Ohio,Muskingum,"40,614"
Ohio,Noble,"27,211"
Ohio,Ottawa,"51,637"
Ohio,Paulding,"41,032"
Ohio,Perry,"37,187"
Ohio,Pickaway,"41,131"
Ohio,Pike,"37,443"
Ohio,Portage,"44,055"
Ohio,Preble,"40,607"
Ohio,Putnam,"50,059"
Ohio,Richland,"39,234"
Ohio,Ross,"36,941"
Ohio,Sandusky,"41,624"
Ohio,Scioto,"39,080"
Ohio,Seneca,"39,681"
Ohio,Shelby,"46,188"
Ohio,Stark,"45,136"
Ohio,Summit,"51,036"
Ohio,Trumbull,"41,363"
Ohio,Tuscarawas,"43,358"
Ohio,Union,"55,470"
Ohio,Van Wert,"42,638"
Ohio,Vinton,"33,120"
Ohio,Warren,"59,799"
Ohio,Washington,"43,396"
Ohio,Wayne,"44,039"
Ohio,Williams,"41,712"
Ohio,Wood,"47,694"
Ohio,Wyandot,"45,588"
Oklahoma,Adair,"28,862"
Oklahoma,Alfalfa,"40,624"
Oklahoma,Atoka,"32,379"
Oklahoma,Beaver,"49,106"
Oklahoma,Beckham,"37,948"
Oklahoma,Blaine,"41,493"
Oklahoma,Bryan,"34,575"
Oklahoma,Caddo,"35,239"
Oklahoma,Canadian,"44,878"
Oklahoma,Carter,"43,079"
Oklahoma,Cherokee,"32,290"
Oklahoma,Choctaw,"31,885"
Oklahoma,Cimarron,"60,706"
Oklahoma,Cleveland,"45,094"
Oklahoma,Coal,"33,783"
Oklahoma,Comanche,"41,497"
Oklahoma,Cotton,"41,766"
Oklahoma,Craig,"35,718"
Oklahoma,Creek,"40,791"
Oklahoma,Custer,"41,652"
Oklahoma,Delaware,"31,188"
Oklahoma,Dewey,"44,529"
Oklahoma,Ellis,"51,570"
Oklahoma,Garfield,"44,465"
Oklahoma,Garvin,"38,135"
Oklahoma,Grady,"39,675"
Oklahoma,Grant,"45,182"
Oklahoma,Greer,"26,344"
Oklahoma,Harmon,"35,642"
Oklahoma,Harper,"46,436"
Oklahoma,Haskell,"32,365"
Oklahoma,Hughes,"31,833"
Oklahoma,Jackson,"38,527"
Oklahoma,Jefferson,"32,083"
Oklahoma,Johnston,"36,611"
Oklahoma,Kay,"40,881"
Oklahoma,Kingfisher,"49,257"
Oklahoma,Kiowa,"32,546"
Oklahoma,Latimer,"32,707"
Oklahoma,Le Flore,"32,677"
Oklahoma,Lincoln,"35,653"
Oklahoma,Logan,"43,169"
Oklahoma,Love,"37,547"
Oklahoma,McClain,"45,143"
Oklahoma,McCurtain,"31,648"
Oklahoma,McIntosh,"33,267"
Oklahoma,Major,"43,762"
Oklahoma,Marshall,"32,681"
Oklahoma,Mayes,"35,197"
Oklahoma,Murray,"42,289"
Oklahoma,Muskogee,"36,759"
Oklahoma,Noble,"41,401"
Oklahoma,Nowata,"36,165"
Oklahoma,Okfuskee,"30,092"
Oklahoma,Oklahoma,"52,168"
Oklahoma,Okmulgee,"33,971"
Oklahoma,Osage,"34,971"
Oklahoma,Ottawa,"35,746"
Oklahoma,Pawnee,"35,836"
Oklahoma,Payne,"37,159"
Oklahoma,Pittsburg,"38,551"
Oklahoma,Pontotoc,"43,148"
Oklahoma,Pottawatomie,"37,456"
Oklahoma,Pushmataha,"31,395"
Oklahoma,Roger Mills,"48,554"
Oklahoma,Rogers,"45,815"
Oklahoma,Seminole,"34,054"
Oklahoma,Sequoyah,"33,420"
Oklahoma,Stephens,"41,413"
Oklahoma,Texas,"46,597"
Oklahoma,Tillman,"39,961"
Oklahoma,Tulsa,"62,756"
Oklahoma,Wagoner,"39,550"
Oklahoma,Washington,"64,481"
Oklahoma,Washita,"36,490"
Oklahoma,Woods,"42,890"
Oklahoma,Woodward,"43,906"
Oregon,Baker,"40,699"
Oregon,Benton,"47,019"
Oregon,Clackamas,"58,608"
Oregon,Clatsop,"45,069"
Oregon,Columbia,"44,312"
Oregon,Coos,"43,620"
Oregon,Crook,"40,945"
Oregon,Curry,"42,657"
Oregon,Deschutes,"55,143"
Oregon,Douglas,"40,408"
Oregon,Gilliam,"48,448"
Oregon,Grant,"41,939"
Oregon,Harney,"39,122"
Oregon,Hood River,"56,624"
Oregon,Jackson,"46,603"
Oregon,Jefferson,"32,962"
Oregon,Josephine,"40,977"
Oregon,Klamath,"39,891"
Oregon,Lake,"39,797"
Oregon,Lane,"45,919"
Oregon,Lincoln,"44,119"
Oregon,Linn,"42,891"
Oregon,Malheur,"30,992"
Oregon,Marion,"43,042"
Oregon,Morrow,"39,095"
Oregon,Multnomah,"57,850"
Oregon,Polk,"41,379"
Oregon,Sherman,"52,296"
Oregon,Tillamook,"44,492"
Oregon,Umatilla,"39,684"
Oregon,Union,"40,547"
Oregon,Wallowa,"45,099"
Oregon,Wasco,"43,658"
Oregon,Washington,"60,971"
Oregon,Wheeler,"37,142"
Oregon,Yamhill,"45,478"
Pennsylvania,Adams,"49,173"
Pennsylvania,Allegheny,"62,958"
Pennsylvania,Armstrong,"45,510"
Pennsylvania,Beaver,"48,763"
Pennsylvania,Bedford,"42,889"
Pennsylvania,Berks,"49,945"
Pennsylvania,Blair,"46,743"
Pennsylvania,Bradford,"41,331"
Pennsylvania,Bucks,"73,447"
Pennsylvania,Butler,"58,927"
Pennsylvania,Cambria,"43,420"
Pennsylvania,Cameron,"48,651"
Pennsylvania,Carbon,"50,322"
Pennsylvania,Centre,"46,193"
Pennsylvania,Chester,"82,846"
Pennsylvania,Clarion,"41,732"
Pennsylvania,Clearfield,"44,421"
Pennsylvania,Clinton,"39,716"
Pennsylvania,Columbia,"42,211"
Pennsylvania,Crawford,"40,969"
Pennsylvania,Cumberland,"55,141"
Pennsylvania,Dauphin,"51,100"
Pennsylvania,Delaware,"66,617"
Pennsylvania,Elk,"48,886"
Pennsylvania,Erie,"44,903"
Pennsylvania,Fayette,"42,649"
Pennsylvania,Forest,"22,787"
Pennsylvania,Franklin,"46,403"
Pennsylvania,Fulton,"45,522"
Pennsylvania,Greene,"44,751"
Pennsylvania,Huntingdon,"38,558"
Pennsylvania,Indiana,"39,923"
Pennsylvania,Jefferson,"44,136"
Pennsylvania,Juniata,"45,277"
Pennsylvania,Lackawanna,"47,730"
Pennsylvania,Lancaster,"52,664"
Pennsylvania,Lawrence,"43,929"
Pennsylvania,Lebanon,"48,352"
Pennsylvania,Lehigh,"53,614"
Pennsylvania,Luzerne,"45,219"
Pennsylvania,Lycoming,"43,823"
Pennsylvania,McKean,"45,261"
Pennsylvania,Mercer,"43,024"
Pennsylvania,Mifflin,"39,738"
Pennsylvania,Monroe,"42,722"
Pennsylvania,Montgomery,"80,606"
Pennsylvania,Montour,"57,426"
Pennsylvania,Northampton,"54,859"
Pennsylvania,Northumberland,"41,712"
Pennsylvania,Perry,"44,693"
Pennsylvania,Philadelphia,"55,747"
Pennsylvania,Pike,"47,864"
Pennsylvania,Potter,"42,819"
Pennsylvania,Schuylkill,"42,862"
Pennsylvania,Snyder,"42,449"
Pennsylvania,Somerset,"42,179"
Pennsylvania,Sullivan,"46,097"
Pennsylvania,Susquehanna,"45,336"
Pennsylvania,Tioga,"41,039"
Pennsylvania,Union,"41,246"
Pennsylvania,Venango,"42,223"
Pennsylvania,Warren,"42,875"
Pennsylvania,Washington,"59,568"
Pennsylvania,Wayne,"43,996"
Pennsylvania,Westmoreland,"52,200"
Pennsylvania,Wyoming,"45,285"
Pennsylvania ,York,"50,113"
Rhode Island,Bristol,"78,805"
Rhode Island,Kent,"59,665"
Rhode Island,Newport,"68,679"
Rhode Island,Providence,"48,137"
Rhode Island,Washington,"64,158"
South Carolina,Abbeville,"34,108"
South Carolina,Aiken,"42,511"
South Carolina,Allendale,"33,237"
South Carolina,Anderson,"39,710"
South Carolina,Bamberg,"32,858"
South Carolina,Barnwell,"33,363"
South Carolina,Beaufort,"56,711"
South Carolina,Berkeley,"40,415"
South Carolina,Calhoun,"38,451"
South Carolina,Charleston,"61,477"
South Carolina,Cherokee,"33,197"
South Carolina,Chester,"34,014"
South Carolina,Chesterfield,"31,012"
South Carolina,Clarendon,"33,197"
South Carolina,Colleton,"35,697"
South Carolina,Darlington,"37,475"
South Carolina,Dillon,"27,718"
South Carolina,Dorchester,"38,892"
South Carolina,Edgefield,"36,436"
South Carolina,Fairfield,"36,758"
South Carolina,Florence,"41,833"
South Carolina,Georgetown,"47,071"
South Carolina,Greenville,"48,644"
South Carolina,Greenwood,"37,424"
South Carolina,Hampton,"32,473"
South Carolina,Horry,"37,091"
South Carolina,Jasper,"29,242"
South Carolina,Kershaw,"41,227"
South Carolina,Lancaster,"49,127"
South Carolina,Laurens,"34,622"
South Carolina,Lee,"32,708"
South Carolina,Lexington,"46,513"
South Carolina,McCormick,"38,513"
South Carolina,Marion,"31,492"
South Carolina,Marlboro,"31,562"
South Carolina,Newberry,"37,793"
South Carolina,Oconee,"43,312"
South Carolina,Orangeburg,"33,818"
South Carolina,Pickens,"38,344"
South Carolina,Richland,"45,529"
South Carolina,Saluda,"34,455"
South Carolina,Spartanburg,"43,148"
South Carolina,Sumter,"38,603"
South Carolina,Union,"32,745"
South Carolina,Williamsburg,"32,726"
South Carolina,York,"46,667"
South Dakota,Aurora,"45,253"
South Dakota,Beadle,"49,246"
South Dakota,Bennett,"29,462"
South Dakota,Bon Homme,"38,851"
South Dakota,Brookings,"46,302"
South Dakota,Brown,"52,652"
South Dakota,Brule,"46,570"
South Dakota,Buffalo,"23,341"
South Dakota,Butte,"38,639"
South Dakota,Campbell,"50,232"
South Dakota,Charles Mix,"44,877"
South Dakota,Clark,"48,261"
South Dakota,Clay,"39,485"
South Dakota,Codington,"49,518"
South Dakota,Corson,"29,927"
South Dakota,Custer,"48,334"
South Dakota,Davison,"50,794"
South Dakota,Day,"47,352"
South Dakota,Deuel,"51,766"
South Dakota,Dewey,"35,720"
South Dakota,Douglas,"57,808"
South Dakota,Edmunds,"52,029"
South Dakota,Fall River,"46,885"
South Dakota,Faulk,"42,762"
South Dakota,Grant,"57,069"
South Dakota,Gregory,"48,209"
South Dakota,Haakon,"49,880"
South Dakota,Hamlin,"44,209"
South Dakota,Hand,"55,673"
South Dakota,Hanson,"66,614"
South Dakota,Harding,"51,036"
South Dakota,Hughes,"52,986"
South Dakota,Hutchinson,"53,179"
South Dakota,Hyde,"52,133"
South Dakota,Jackson,"26,835"
South Dakota,Jerauld,"54,425"
South Dakota,Jones,"60,001"
South Dakota,Kingsbury,"50,975"
South Dakota,Lake,"52,401"
South Dakota,Lawrence,"50,232"
South Dakota,Lincoln,"67,364"
South Dakota,Lyman,"47,431"
South Dakota,McCook,"52,453"
South Dakota,McPherson,"38,625"
South Dakota,Marshall,"48,721"
South Dakota,Meade,"43,015"
South Dakota,Mellette,"28,152"
South Dakota,Miner,"52,938"
South Dakota,Minnehaha,"57,223"
South Dakota,Moody,"49,690"
South Dakota,Oglala Lakota,"25,047"
South Dakota,Pennington,"51,369"
South Dakota,Perkins,"42,195"
South Dakota,Potter,"70,768"
South Dakota,Roberts,"36,929"
South Dakota,Sanborn,"48,731"
South Dakota,Spink,"52,479"
South Dakota,Stanley,"73,776"
South Dakota,Sully,"76,036"
South Dakota,Todd,"25,157"
South Dakota,Tripp,"49,835"
South Dakota,Turner,"62,019"
South Dakota,Union,"107,497"
South Dakota,Walworth,"45,924"
South Dakota,Yankton,"50,275"
South Dakota,Ziebach,"20,571"
Tennessee,Anderson,"41,853"
Tennessee,Bedford,"37,266"
Tennessee,Benton,"33,661"
Tennessee,Bledsoe,"26,281"
Tennessee,Blount,"42,991"
Tennessee,Bradley,"39,099"
Tennessee,Campbell,"33,967"
Tennessee,Cannon,"36,113"
Tennessee,Carroll,"35,900"
Tennessee,Carter,"34,579"
Tennessee,Cheatham,"43,932"
Tennessee,Chester,"33,642"
Tennessee,Claiborne,"35,384"
Tennessee,Clay,"31,013"
Tennessee,Cocke,"31,942"
Tennessee,Coffee,"38,656"
Tennessee,Crockett,"36,560"
Tennessee,Cumberland,"36,613"
Tennessee,Davidson,"66,060"
Tennessee,Decatur,"42,639"
Tennessee,DeKalb,"40,132"
Tennessee,Dickson,"40,556"
Tennessee,Dyer,"40,642"
Tennessee,Fayette,"55,364"
Tennessee,Fentress,"32,232"
Tennessee,Franklin,"38,880"
Tennessee,Gibson,"38,654"
Tennessee,Giles,"38,766"
Tennessee,Grainger,"33,490"
Tennessee,Greene,"39,971"
Tennessee,Grundy,"31,011"
Tennessee,Hamblen,"36,636"
Tennessee,Hamilton,"51,743"
Tennessee,Hancock,"27,042"
Tennessee,Hardeman,"29,430"
Tennessee,Hardin,"39,387"
Tennessee,Hawkins,"34,188"
Tennessee,Haywood,"32,023"
Tennessee,Henderson,"35,748"
Tennessee,Henry,"41,989"
Tennessee,Hickman,"32,780"
Tennessee,Houston,"32,822"
Tennessee,Humphreys,"38,665"
Tennessee,Jackson,"31,189"
Tennessee,Jefferson,"35,866"
Tennessee,Johnson,"32,249"
Tennessee,Knox,"49,738"
Tennessee,Lake,"23,230"
Tennessee,Lauderdale,"29,187"
Tennessee,Lawrence,"35,252"
Tennessee,Lewis,"34,432"
Tennessee,Lincoln,"41,388"
Tennessee,Loudon,"48,491"
Tennessee,McMinn,"35,897"
Tennessee,McNairy,"32,573"
Tennessee,Macon,"33,297"
Tennessee,Madison,"42,720"
Tennessee,Marion,"38,450"
Tennessee,Marshall,"37,550"
Tennessee,Maury,"42,696"
Tennessee,Meigs,"33,526"
Tennessee,Monroe,"33,338"
Tennessee,Montgomery,"41,031"
Tennessee,Moore,"41,276"
Tennessee,Morgan,"29,380"
Tennessee,Obion,"40,666"
Tennessee,Overton,"33,701"
Tennessee,Perry,"34,268"
Tennessee,Pickett,"39,686"
Tennessee,Polk,"33,772"
Tennessee,Putnam,"39,509"
Tennessee,Rhea,"34,147"
Tennessee,Roane,"40,980"
Tennessee,Robertson,"42,104"
Tennessee,Rutherford,"41,031"
Tennessee,Scott,"29,758"
Tennessee,Sequatchie,"38,003"
Tennessee,Sevier,"39,474"
Tennessee,Shelby,"49,465"
Tennessee,Smith,"37,742"
Tennessee,Stewart,"39,853"
Tennessee,Sullivan,"42,606"
Tennessee,Sumner,"48,656"
Tennessee,Tipton,"38,547"
Tennessee,Trousdale,"30,090"
Tennessee,Unicoi,"37,423"
Tennessee,Union,"31,693"
Tennessee,Van Buren,"30,770"
Tennessee,Warren,"33,970"
Tennessee,Washington,"43,299"
Tennessee,Wayne,"28,962"
Tennessee,Weakley,"37,316"
Tennessee,White,"32,477"
Tennessee,Williamson,"94,872"
Tennessee,Wilson,"49,092"
Texas,Anderson,"34,242"
Texas,Andrews,"50,011"
Texas,Angelina,"38,897"
Texas,Aransas,"48,389"
Texas,Archer,"50,310"
Texas,Armstrong,"47,995"
Texas,Atascosa,"36,660"
Texas,Austin,"50,702"
Texas,Bailey,"42,507"
Texas,Bandera,"43,459"
Texas,Bastrop,"36,561"
Texas,Baylor,"41,704"
Texas,Bee,"28,457"
Texas,Bell,"42,773"
Texas,Bexar,"46,058"
Texas,Blanco,"51,968"
Texas,Borden,"63,756"
Texas,Bosque,"41,592"
Texas,Bowie,"40,010"
Texas,Brazoria,"47,239"
Texas,Brazos,"39,216"
Texas,Brewster,"45,652"
Texas,Briscoe,"35,243"
Texas,Brooks,"33,861"
Texas,Brown,"38,830"
Texas,Burleson,"42,629"
Texas,Burnet,"46,516"
Texas,Caldwell,"33,668"
Texas,Calhoun,"38,668"
Texas,Callahan,"39,392"
Texas,Cameron,"28,756"
Texas,Camp,"38,660"
Texas,Carson,"46,373"
Texas,Cass,"36,905"
Texas,Castro,"42,786"
Texas,Chambers,"53,673"
Texas,Cherokee,"34,468"
Texas,Childress,"30,084"
Texas,Clay,"42,335"
Texas,Cochran,"38,312"
Texas,Coke,"41,895"
Texas,Coleman,"40,669"
Texas,Collin,"65,874"
Texas,Collingsworth,"33,039"
Texas,Colorado,"46,821"
Texas,Comal,"58,067"
Texas,Comanche,"42,465"
Texas,Concho,"19,801"
Texas,Cooke,"54,174"
Texas,Coryell,"33,996"
Texas,Cottle,"57,288"
Texas,Crane,"47,758"
Texas,Crockett,"41,472"
Texas,Crosby,"30,773"
Texas,Culberson,"54,180"
Texas,Dallam,"52,148"
Texas,Dallas,"58,993"
Texas,Dawson,"37,111"
Texas,Deaf Smith,"40,470"
Texas,Delta,"34,803"
Texas,Denton,"55,933"
Texas,DeWitt,"54,549"
Texas,Dickens,"31,586"
Texas,Dimmit,"36,639"
Texas,Donley,"45,736"
Texas,Duval,"36,418"
Texas,Eastland,"71,142"
Texas,Ector,"47,271"
Texas,Edwards,"35,182"
Texas,Ellis,"44,313"
Texas,El Paso,"35,856"
Texas,Erath,"39,572"
Texas,Falls,"34,619"
Texas,Fannin,"37,605"
Texas,Fayette,"53,564"
Texas,Fisher,"46,444"
Texas,Floyd,"37,367"
Texas,Foard,"42,954"
Texas,Fort Bend,"57,540"
Texas,Franklin,"39,730"
Texas,Freestone,"37,066"
Texas,Frio,"27,545"
Texas,Gaines,"36,009"
Texas,Galveston,"51,785"
Texas,Garza,"30,072"
Texas,Gillespie,"60,561"
Texas,Glasscock,"102,145"
Texas,Goliad,"43,858"
Texas,Gonzales,"43,342"
Texas,Gray,"44,002"
Texas,Grayson,"42,195"
Texas,Gregg,"45,401"
Texas,Grimes,"35,450"
Texas,Guadalupe,"44,809"
Texas,Hale,"32,263"
Texas,Hall,"30,180"
Texas,Hamilton,"60,744"
Texas,Hansford,"62,998"
Texas,Hardeman,"38,212"
Texas,Hardin,"45,982"
Texas,Harris,"56,474"
Texas,Harrison,"41,917"
Texas,Hartley,"62,463"
Texas,Haskell,"34,530"
Texas,Hays,"43,719"
Texas,Hemphill,"58,484"
Texas,Henderson,"39,627"
Texas,Hidalgo,"26,410"
Texas,Hill,"39,205"
Texas,Hockley,"38,975"
Texas,Hood,"50,741"
Texas,Hopkins,"39,120"
Texas,Houston,"38,081"
Texas,Howard,"40,255"
Texas,Hudspeth,"32,472"
Texas,Hunt,"38,029"
Texas,Hutchinson,"41,550"
Texas,Irion,"68,327"
Texas,Jack,"44,061"
Texas,Jackson,"41,770"
Texas,Jasper,"40,803"
Texas,Jeff Davis,"42,947"
Texas,Jefferson,"44,065"
Texas,Jim Hogg,"30,696"
Texas,Jim Wells,"40,570"
Texas,Johnson,"41,697"
Texas,Jones,"30,559"
Texas,Karnes,"49,593"
Texas,Kaufman,"42,837"
Texas,Kendall,"84,270"
Texas,Kenedy,"43,561"
Texas,Kent,"54,858"
Texas,Kerr,"50,150"
Texas,Kimble,"43,309"
Texas,King,"55,661"
Texas,Kinney,"30,431"
Texas,Kleberg,"38,997"
Texas,Knox,"38,457"
Texas,Lamar,"40,763"
Texas,Lamb,"38,247"
Texas,Lampasas,"49,457"
Texas,La Salle,"35,809"
Texas,Lavaca,"50,919"
Texas,Lee,"46,713"
Texas,Leon,"40,388"
Texas,Liberty,"37,237"
Texas,Limestone,"35,771"
Texas,Lipscomb,"64,757"
Texas,Live Oak,"35,636"
Texas,Llano,"47,476"
Texas,Loving,"56,730"
Texas,Lubbock,"42,569"
Texas,Lynn,"33,119"
Texas,McCulloch,"37,927"
Texas,McLennan,"41,254"
Texas,McMullen,"72,150"
Texas,Madison,"30,435"
Texas,Marion,"38,063"
Texas,Martin,"56,021"
Texas,Mason,"44,601"
Texas,Matagorda,"40,596"
Texas,Maverick,"30,505"
Texas,Medina,"39,403"
Texas,Menard,"35,311"
Texas,Midland,"124,455"
Texas,Milam,"36,135"
Texas,Mills,"37,153"
Texas,Mitchell,"31,913"
Texas,Montague,"42,074"
Texas,Montgomery,"63,605"
Texas,Moore,"41,275"
Texas,Morris,"43,421"
Texas,Motley,"28,938"
Texas,Nacogdoches,"37,755"
Texas,Navarro,"37,922"
Texas,Newton,"33,350"
Texas,Nolan,"43,087"
Texas,Nueces,"44,378"
Texas,Ochiltree,"57,287"
Texas,Oldham,"49,120"
Texas,Orange,"44,938"
Texas,Palo Pinto,"39,125"
Texas,Panola,"43,508"
Texas,Parker,"53,289"
Texas,Parmer,"44,981"
Texas,Pecos,"36,584"
Texas,Polk,"39,438"
Texas,Potter,"43,945"
Texas,Presidio,"42,848"
Texas,Rains,"33,602"
Texas,Randall,"47,966"
Texas,Reagan,"48,253"
Texas,Real,"34,687"
Texas,Red River,"40,648"
Texas,Reeves,"39,418"
Texas,Refugio,"42,606"
Texas,Roberts,"41,971"
Texas,Robertson,"40,394"
Texas,Rockwall,"61,003"
Texas,Runnels,"39,816"
Texas,Rusk,"36,485"
Texas,Sabine,"34,631"
Texas,San Augustine,"39,879"
Texas,San Jacinto,"34,514"
Texas,San Patricio,"43,945"
Texas,San Saba,"41,233"
Texas,Schleicher,"40,136"
Texas,Scurry,"42,095"
Texas,Shackelford,"130,461"
Texas,Shelby,"41,666"
Texas,Sherman,"49,508"
Texas,Smith,"55,229"
Texas,Somervell,"45,756"
Texas,Starr,"26,316"
Texas,Stephens,"39,289"
Texas,Sterling,"58,174"
Texas,Stonewall,"53,416"
Texas,Sutton,"61,478"
Texas,Swisher,"41,977"
Texas,Tarrant,"51,239"
Texas,Taylor,"45,333"
Texas,Terrell,"48,024"
Texas,Terry,"32,062"
Texas,Throckmorton,"35,941"
Texas,Titus,"34,718"
Texas,Tom Green,"45,993"
Texas,Travis,"67,504"
Texas,Trinity,"34,514"
Texas,Tyler,"32,081"
Texas,Upshur,"36,645"
Texas,Upton,"44,545"
Texas,Uvalde,"39,458"
Texas,Val Verde,"36,554"
Texas,Van Zandt,"38,200"
Texas,Victoria,"46,142"
Texas,Walker,"28,016"
Texas,Waller,"39,995"
Texas,Ward,"49,916"
Texas,Washington,"52,265"
Texas,Webb,"31,635"
Texas,Wharton,"41,473"
Texas,Wheeler,"41,801"
Texas,Wichita,"43,170"
Texas,Wilbarger,"42,041"
Texas,Willacy,"28,593"
Texas,Williamson,"50,776"
Texas,Wilson,"44,255"
Texas,Winkler,"57,584"
Texas,Wise,"43,752"
Texas,Wood,"38,152"
Texas,Yoakum,"41,112"
Texas,Young,"50,231"
Texas,Zapata,"28,294"
Texas,Zavala,"29,202"
Utah,Beaver,"33,739"
Utah,Box Elder,"37,390"
Utah,Cache,"38,974"
Utah,Carbon,"38,499"
Utah,Daggett,"41,157"
Utah,Davis,"46,286"
Utah,Duchesne,"36,709"
Utah,Emery,"33,145"
Utah,Garfield,"36,688"
Utah,Grand,"54,010"
Utah,Iron,"32,197"
Utah,Juab,"36,087"
Utah,Kane,"40,257"
Utah,Millard,"35,196"
Utah,Morgan,"52,426"
Utah,Piute,"33,716"
Utah,Rich,"35,436"
Utah,Salt Lake,"52,639"
Utah,San Juan,"26,638"
Utah,Sanpete,"29,209"
Utah,Sevier,"34,117"
Utah,Summit,"131,606"
Utah,Tooele,"36,836"
Utah,Uintah,"31,563"
Utah,Utah,"40,919"
Utah,Wasatch,"53,285"
Utah,Washington,"38,847"
Utah,Wayne,"39,096"
Utah,Weber,"41,853"
Vermont,Addison,"51,805"
Vermont,Bennington,"54,458"
Vermont,Caledonia,"41,246"
Vermont,Chittenden,"60,914"
Vermont,Essex,"36,008"
Vermont,Franklin,"46,220"
Vermont,Grand Isle,"59,204"
Vermont,Lamoille,"53,953"
Vermont,Orange,"47,170"
Vermont,Orleans,"43,542"
Vermont,Rutland,"52,343"
Vermont,Washington,"60,255"
Vermont,Windham,"50,925"
Vermont,Windsor,"58,116"
Virginia,Accomack,"42,764"
Virginia,Amelia,"44,774"
Virginia,Amherst,"37,160"
Virginia,Appomattox,"38,302"
Virginia,Arlington,"95,198"
Virginia,Bath,"61,628"
Virginia,Bedford,"46,707"
Virginia,Bland,"37,321"
Virginia,Botetourt,"50,274"
Virginia,Brunswick,"32,682"
Virginia,Buchanan,"36,229"
Virginia,Buckingham,"30,704"
Virginia,Caroline,"41,781"
Virginia,Charles City,"45,824"
Virginia,Charlotte,"35,970"
Virginia,Chesterfield,"53,695"
Virginia,Clarke,"67,111"
Virginia,Craig,"38,185"
Virginia,Culpeper,"46,510"
Virginia,Cumberland,"38,698"
Virginia,Dickenson,"32,354"
Virginia,Essex,"42,334"
Virginia,Fauquier,"70,787"
Virginia,Floyd,"38,903"
Virginia,Fluvanna,"44,693"
Virginia,Franklin,"40,781"
Virginia,Giles,"40,117"
Virginia,Gloucester,"50,502"
Virginia,Goochland,"100,545"
Virginia,Grayson,"33,013"
Virginia,Greene,"44,383"
Virginia,Halifax,"37,329"
Virginia,Hanover,"60,259"
Virginia,Henrico,"66,836"
Virginia,Highland,"46,113"
Virginia,Isle of Wight,"55,308"
Virginia,King and Queen,"43,361"
Virginia,King George,"53,000"
Virginia,King William,"46,612"
Virginia,Lancaster,"60,152"
Virginia,Lee,"30,303"
Virginia,Loudoun,"78,070"
Virginia,Louisa,"42,476"
Virginia,Lunenburg,"33,755"
Virginia,Madison,"48,822"
Virginia,Mathews,"56,088"
Virginia,Mecklenburg,"37,240"
Virginia,Middlesex,"51,213"
Virginia,Nelson,"50,717"
Virginia,New Kent,"70,743"
Virginia,Northampton,"49,313"
Virginia,Northumberland,"52,946"
Virginia,Nottoway,"34,897"
Virginia,Orange,"49,010"
Virginia,Page,"39,109"
Virginia,Patrick,"34,070"
Virginia,Powhatan,"56,607"
Virginia,Prince Edward,"31,890"
Virginia,Pulaski,"40,443"
Virginia,Rappahannock,"65,538"
Virginia,Richmond,"36,799"
Virginia,Russell,"33,498"
Virginia,Scott,"33,769"
Virginia,Shenandoah,"45,387"
Virginia,Smyth,"36,955"
Virginia,Stafford,"55,076"
Virginia,Surry,"46,413"
Virginia,Sussex,"31,378"
Virginia,Tazewell,"38,888"
Virginia,Warren,"46,743"
Virginia,Westmoreland,"43,166"
Virginia,Wythe,"35,608"
Virginia,Independent cities:,
Virginia,Alexandria,"88,008"
Virginia,Chesapeake,"50,529"
Virginia,Hampton,"43,547"
Virginia,Newport News,"43,501"
Virginia,Norfolk,"41,822"
Virginia,Portsmouth,"41,169"
Virginia,Richmond,"56,306"
Virginia,Roanoke,"43,451"
Virginia,Suffolk,"51,798"
Virginia,Virginia Beach,"58,308"
Virginia,Combination areas2:,
Virginia,Albemarle + Charlottesville,"74,613"
Virginia,Alleghany + Covington,"40,061"
Virginia,"Augusta, Staunton + Waynesboro","44,316"
Virginia,Campbell + Lynchburg,"37,719"
Virginia,Carroll + Galax,"36,023"
Virginia,"Dinwiddie, Colonial Heights + Petersburg","40,352"
Virginia,"Fairfax, Fairfax City + Falls Church","82,441"
Virginia,Frederick + Winchester,"50,802"
Virginia,Greensville + Emporia,"32,391"
Virginia,Henry + Martinsville,"39,367"
Virginia,James City + Williamsburg,"65,906"
Virginia,Montgomery + Radford,"37,759"
Virginia,Pittsylvania + Danville,"38,497"
Virginia,Prince George + Hopewell,"38,779"
Virginia,"Prince William, Manassas + Manassas Park","54,740"
Virginia,Roanoke + Salem,"52,248"
Virginia,"Rockbridge, Buena Vista + Lexington","40,320"
Virginia,Rockingham + Harrisonburg,"39,721"
Virginia,Southampton + Franklin,"42,381"
Virginia,Spotsylvania + Fredericksburg,"50,790"
Virginia,Washington + Bristol,"40,912"
Virginia,Wise + Norton,"32,988"
Virginia,York + Poquoson,"59,113"
Washington,Adams,"42,800"
Washington,Asotin,"47,104"
Washington,Benton,"47,465"
Washington,Chelan,"54,763"
Washington,Clallam,"46,120"
Washington,Clark,"53,423"
Washington,Columbia,"50,073"
Washington,Cowlitz,"44,990"
Washington,Douglas,"41,508"
Washington,Ferry,"36,071"
Washington,Franklin,"37,390"
Washington,Garfield,"44,510"
Washington,Grant,"39,789"
Washington,Grays Harbor,"40,429"
Washington,Island,"55,724"
Washington,Jefferson,"52,580"
Washington,King,"90,438"
Washington,Kitsap,"56,244"
Washington,Kittitas,"42,603"
Washington,Klickitat,"48,654"
Washington,Lewis,"43,453"
Washington,Lincoln,"46,312"
Washington,Mason,"42,767"
Washington,Okanogan,"42,462"
Washington,Pacific,"41,740"
Washington,Pend Oreille,"41,664"
Washington,Pierce,"52,114"
Washington,San Juan,"76,749"
Washington,Skagit,"53,060"
Washington,Skamania,"45,802"
Washington,Snohomish,"55,888"
Washington,Spokane,"46,466"
Washington,Stevens,"39,505"
Washington,Thurston,"51,684"
Washington,Wahkiakum,"42,423"
Washington,Walla Walla,"46,144"
Washington,Whatcom,"48,792"
Washington,Whitman,"40,935"
Washington,Yakima,"43,379"
West Virginia,Barbour,"32,290"
West Virginia,Berkeley,"41,201"
West Virginia,Boone,"33,592"
West Virginia,Braxton,"31,594"
West Virginia,Brooke,"41,740"
West Virginia,Cabell,"42,939"
West Virginia,Calhoun,"30,155"
West Virginia,Clay,"30,925"
West Virginia,Doddridge,"28,862"
West Virginia,Fayette,"34,577"
West Virginia,Gilmer,"28,917"
West Virginia,Grant,"36,691"
West Virginia,Greenbrier,"38,098"
West Virginia,Hampshire,"35,068"
West Virginia,Hancock,"42,128"
West Virginia,Hardy,"34,150"
West Virginia,Harrison,"48,226"
West Virginia,Jackson,"38,147"
West Virginia,Jefferson,"49,926"
West Virginia,Kanawha,"48,435"
West Virginia,Lewis,"40,653"
West Virginia,Lincoln,"30,549"
West Virginia,Logan,"36,525"
West Virginia,McDowell,"30,451"
West Virginia,Marion,"41,980"
West Virginia,Marshall,"41,028"
West Virginia,Mason,"33,318"
West Virginia,Mercer,"37,452"
West Virginia,Mineral,"38,815"
West Virginia,Mingo,"32,051"
West Virginia,Monongalia,"44,679"
West Virginia,Monroe,"30,359"
West Virginia,Morgan,"34,533"
West Virginia,Nicholas,"34,102"
West Virginia,Ohio,"65,100"
West Virginia,Pendleton,"35,140"
West Virginia,Pleasants,"43,883"
West Virginia,Pocahontas,"38,172"
West Virginia,Preston,"35,686"
West Virginia,Putnam,"46,941"
West Virginia,Raleigh,"41,115"
West Virginia,Randolph,"36,533"
West Virginia,Ritchie,"37,177"
West Virginia,Roane,"34,770"
West Virginia,Summers,"32,879"
West Virginia,Taylor,"40,675"
West Virginia,Tucker,"41,322"
West Virginia,Tyler,"37,336"
West Virginia,Upshur,"33,261"
West Virginia,Wayne,"33,637"
West Virginia,Webster,"27,816"
West Virginia,Wetzel,"36,791"
West Virginia,Wirt,"32,156"
West Virginia,Wood,"42,669"
West Virginia,Wyoming,"30,510"
Wisconsin,Adams,"38,736"
Wisconsin,Ashland,"41,106"
Wisconsin,Barron,"49,431"
Wisconsin,Bayfield,"48,542"
Wisconsin,Brown,"52,821"
Wisconsin,Buffalo,"44,756"
Wisconsin,Burnett,"42,706"
Wisconsin,Calumet,"50,776"
Wisconsin,Chippewa,"46,162"
Wisconsin,Clark,"40,228"
Wisconsin,Columbia,"51,147"
Wisconsin,Crawford,"41,485"
Wisconsin,Dane,"61,304"
Wisconsin,Dodge,"44,799"
Wisconsin,Door,"63,178"
Wisconsin,Douglas,"43,004"
Wisconsin,Dunn,"39,948"
Wisconsin,Eau Claire,"48,240"
Wisconsin,Florence,"54,346"
Wisconsin,Fond du Lac,"48,126"
Wisconsin,Forest,"41,517"
Wisconsin,Grant,"43,310"
Wisconsin,Green,"51,026"
Wisconsin,Green Lake,"46,152"
Wisconsin,Iowa,"48,073"
Wisconsin,Iron,"51,471"
Wisconsin,Jackson,"46,528"
Wisconsin,Jefferson,"46,241"
Wisconsin,Juneau,"37,898"
Wisconsin,Kenosha,"46,874"
Wisconsin,Kewaunee,"46,197"
Wisconsin,La Crosse,"50,107"
Wisconsin,Lafayette,"43,042"
Wisconsin,Langlade,"43,223"
Wisconsin,Lincoln,"45,766"
Wisconsin,Manitowoc,"47,675"
Wisconsin,Marathon,"50,111"
Wisconsin,Marinette,"44,014"
Wisconsin,Marquette,"41,182"
Wisconsin,Menominee,"30,371"
Wisconsin,Milwaukee,"47,589"
Wisconsin,Monroe,"41,779"
Wisconsin,Oconto,"45,609"
Wisconsin,Oneida,"51,715"
Wisconsin,Outagamie,"51,230"
Wisconsin,Ozaukee,"83,992"
Wisconsin,Pepin,"47,961"
Wisconsin,Pierce,"45,936"
Wisconsin,Polk,"46,514"
Wisconsin,Portage,"45,886"
Wisconsin,Price,"45,320"
Wisconsin,Racine,"49,749"
Wisconsin,Richland,"43,233"
Wisconsin,Rock,"44,204"
Wisconsin,Rusk,"44,199"
Wisconsin,St. Croix,"55,543"
Wisconsin,Sauk,"48,365"
Wisconsin,Sawyer,"45,915"
Wisconsin,Shawano,"42,290"
Wisconsin,Sheboygan,"52,851"
Wisconsin,Taylor,"39,051"
Wisconsin,Trempealeau,"44,698"
Wisconsin,Vernon,"40,356"
Wisconsin,Vilas,"53,983"
Wisconsin,Walworth,"50,023"
Wisconsin,Washburn,"47,218"
Wisconsin,Washington,"58,601"
Wisconsin,Waukesha,"72,650"
Wisconsin,Waupaca,"45,629"
Wisconsin,Waushara,"41,204"
Wisconsin,Winnebago,"48,101"
Wisconsin,Wood,"46,743"
Wyoming,Albany,"40,444"
Wyoming,Big Horn,"36,903"
Wyoming,Campbell,"52,824"
Wyoming,Carbon,"58,372"
Wyoming,Converse,"55,011"
Wyoming,Crook,"46,081"
Wyoming,Fremont,"43,633"
Wyoming,Goshen,"43,348"
Wyoming,Hot Springs,"55,232"
Wyoming,Johnson,"51,314"
Wyoming,Laramie,"52,039"
Wyoming,Lincoln,"43,049"
Wyoming,Natrona,"69,379"
Wyoming,Niobrara,"51,357"
Wyoming,Park,"54,308"
Wyoming,Platte,"48,442"
Wyoming,Sheridan,"58,223"
Wyoming,Sublette,"51,361"
Wyoming,Sweetwater,"53,145"
Wyoming,Teton,"251,728"
Wyoming,Uinta,"40,280"
Wyoming,Washakie,"48,184"
Wyoming,Weston,"44,737"